"full_name","pdes","a","e","i","om","w","ma","epoch_mjd"
"     1 Ceres (A801 AA)",1,2.767254360873952,.0789125317658808,10.5868796009696,80.25497772273573,73.42179714001003,60.0787728227207,60200
"     2 Pallas (A802 FA)",2,2.770127478789689,.2302291205337655,34.92583569687742,172.9188063580106,310.8728895656645,40.59807483982662,60200
"     3 Juno (A804 RA)",3,2.669263107149246,.2562134635134289,12.99055194378932,169.8391667366867,247.737933907518,37.02311341023957,60200
"     4 Vesta (A807 FA)",4,2.361922083328795,.08944909117827099,7.142176968213055,103.7099923672372,151.6622800356213,169.3518013373338,60200
"     5 Astraea (A845 XA)",5,2.5768859491738,.187439019096015,5.358657262727356,141.4690012627987,359.1367402246138,303.3980245657571,60200
"     6 Hebe (A847 NA)",6,2.425616429760826,.2026690806426626,14.73599024416998,138.6364222287955,239.5857261608267,144.002798245033,60200
"     7 Iris (A847 PA)",7,2.3867352244153,.2297678817649948,5.518704120039901,259.49837871756,145.4437071615264,207.8984570598599,60200
"     8 Flora (A847 UA)",8,2.201181136152867,.1565006056171466,5.889162690232197,110.8630987655121,285.6029716485701,317.2863496431091,60200
"     9 Metis (A848 HA)",9,2.386658272081398,.1231487161866886,5.577849141912224,68.86859613491036,5.747918918515977,345.4283175292959,60200
"    10 Hygiea (A849 GA)",10,3.139943145080762,.1110224585403432,3.831825288522495,283.1735818881358,312.4833794004088,75.17819839481271,60200
"    11 Parthenope (A850 JA)",11,2.452639993629442,.09932238589018912,4.631543933608665,125.5173955895457,195.8223991165276,329.0919603856256,60200
"    12 Victoria (A850 RA)",12,2.333703937169256,.2203585934481103,8.373975592862434,235.3582303927205,69.6033124814022,215.7584298915492,60200
"    13 Egeria (A850 VA)",13,2.575581269658085,.08562936471376788,16.53662655580829,43.20796149625232,79.82670622579617,209.6225016073332,60200
"    14 Irene (A851 KA)",14,2.587981711588863,.1647908990618868,9.119501282339096,86.07614183469248,97.86069118629253,184.1343787517901,60200
"    15 Eunomia (A851 OA)",15,2.642676432209622,.1871007027156865,11.75485024723986,292.9065219667657,98.75998155488109,289.9856954102846,60200
"    16 Psyche (A852 FA)",16,2.923662128456563,.1341931447944021,3.096815244138823,150.02696940,229.4104409693524,243.1552879097505,60200
"    17 Thetis (A852 HA)",17,2.471082981030183,.1324565982282356,5.591995655848779,125.5349518549514,135.7165583304552,349.8849174079352,60200
"    18 Melpomene (A852 MA)",18,2.295862694186606,.2183934179306267,10.13154347160411,150.3556109584573,228.1499762297792,.3995268899913371,60200
"    19 Fortuna (A852 QA)",19,2.442284101752813,.1573430650696695,1.57358303187692,211.0391994757813,182.5925988497237,249.83458254863,60200
"    20 Massalia (A852 SA)",20,2.408180286960863,.1434678201737774,.7092780623167506,205.9792203951884,257.4704947668284,178.7695083662053,60200
"    21 Lutetia (A852 VA)",21,2.435731829888852,.1640106072425365,3.06392271145555,80.84351457437207,250.2991540826286,38.89443649835491,60200
"    22 Kalliope (A852 WA)",22,2.91120375977687,.09872237757667662,13.70116626231914,65.97511695610314,357.8325855866904,152.305719844901,60200
"    23 Thalia (A852 XA)",23,2.627898459968506,.2308727523041601,10.10937818499611,66.49270904020196,61.53208040121629,345.3045713986651,60200
"    24 Themis (A853 GA)",24,3.149407372339815,.1164819189618832,.7389776153996838,36.49768464737053,108.0581472045451,276.2979442988645,60200
"    25 Phocaea (A853 GB)",25,2.40014672556831,.2544538773263736,21.60936754064621,214.0927455232094,90.24195526979567,237.1613423556395,60200
"    26 Proserpina (A853 JA)",26,2.655445563385344,.08893723261559516,3.562779465659724,45.76223482483094,193.9891474700957,109.7166007141242,60200
"    27 Euterpe (A853 VA)",27,2.347209312175694,.1713306223336338,1.583331069669913,94.76828032487302,356.3963070000624,53.9326423111612,60200
"    28 Bellona (A854 EA)",28,2.777880023764536,.1504888399234282,9.424364254594513,144.2740512586481,343.5268227862892,255.0777766980946,60200
"    29 Amphitrite (A854 EB)",29,2.554870293828639,.07383408002949859,6.081519350698064,356.3306490890873,62.70427935376955,311.1790363534272,60200
"    30 Urania (A854 OA)",30,2.365350007512714,.1271106360937179,2.093728731339887,307.4237731433593,86.96365954625699,103.0773766223492,60200
"    31 Euphrosyne (A854 RA)",31,3.159154890202263,.2159173538590937,26.3209100871342,30.79788853397355,61.76721912202003,7.755182842341485,60200
"    32 Pomona (A854 UA)",32,2.587577674564402,.08163080677677192,5.522117950010362,220.3643273245369,338.3785093084442,51.96517290539625,60200
"    33 Polyhymnia (A854 UB)",33,2.873328116623456,.3316915440415503,1.852219723013952,8.437354810466832,338.5932193961021,305.3634723134426,60200
"    34 Circe (A855 GA)",34,2.686370381315958,.1066555912323191,5.497388456488581,184.3311969191159,329.948105456406,125.5311575489166,60200
"    35 Leukothea (A855 HA)",35,3.000653290455523,.2229264082011565,7.916448861409386,353.7055109959894,214.0321079475367,158.9518463354772,60200
"    36 Atalante (A855 TA)",36,2.745166951655519,.3061687975442033,18.37395962248503,358.1950543498272,47.83960414475626,286.1133815993468,60200
"    37 Fides (A855 TB)",37,2.643308003851865,.1754434666071756,3.068796896586714,7.255886606498864,62.18992576875145,349.399522110879,60200
"    38 Leda (A856 AA)",38,2.741220476004505,.1508935256774943,6.951501496498631,295.5078350343445,169.5274522607166,352.3381044689877,60200
"    39 Laetitia (A856 CA)",39,2.768768855456988,.1119827112479993,10.37051840955167,156.9307866264447,209.8125480005876,283.018279199275,60200
"    40 Harmonia (A856 FA)",40,2.26754126210673,.04621041215405831,4.255531835527174,94.15860747618079,269.071530893087,210.1161210123099,60200
"    41 Daphne (A856 KA)",41,2.763160251565294,.273981422737044,15.78455687610768,178.0568416909535,46.10771972673478,117.8160727366298,60200
"    42 Isis (A856 KB)",42,2.442933220752448,.2222180555000911,8.510631969206074,84.16936234378369,237.2453176079437,256.6996459689493,60200
"    43 Ariadne (A857 GA)",43,2.203066922620481,.1686216593349947,3.470420631226766,264.7538553203338,16.17953826879279,260.3332651774473,60200
"    44 Nysa (A857 KA)",44,2.42279710487075,.1492586312872523,3.711624169344791,131.4902674162932,344.1353907328163,139.8187503941794,60200
"    45 Eugenia (A857 MA)",45,2.720379647460142,.0831937565603889,6.605134993435425,147.5872515793948,87.48924964383818,30.53633749133779,60200
"    46 Hestia (A857 QA)",46,2.524526867092783,.1725942802827192,2.351814255271605,181.068680425055,177.0596999867974,103.2577407489422,60200
"    47 Aglaja (A857 RA)",47,2.880475642792233,.1300317319579784,4.975543371803546,3.051303393833343,315.3123040273267,14.01574939016868,60200
"    48 Doris (A857 SA)",48,3.113442013753855,.06713790484065806,6.558957476389748,183.438725869369,251.0205737449203,358.415408654351,60200
"    49 Pales (A857 SB)",49,3.099183423691937,.2217078126373662,3.200353518140713,285.0114977080324,113.2786010629646,168.6339350574342,60200
"    50 Virginia (A857 TA)",50,2.651357246806448,.2850542482312806,2.839396120089034,173.4672447135312,200.0089648808649,164.1065852833544,60200
"    51 Nemausa (A858 BA)",51,2.365404599673409,.06716120101873928,9.978876974555893,175.9556863212837,1.70551864224762,170.4619745828754,60200
"    52 Europa (A858 CA)",52,3.093272780198181,.1112576728712005,7.479170277128112,128.5811873739765,342.9098550277421,167.5355674551625,60200
"    53 Kalypso (A858 GA)",53,2.619112038328478,.2026215770620414,5.180689385024306,143.4561791086986,314.2400844749532,75.27364078751714,60200
"    54 Alexandra (A858 RA)",54,2.710619565983036,.1967055439495515,11.79696325163816,313.2297839562401,345.2969035125976,11.23686761075775,60200
"    55 Pandora (A858 RB)",55,2.759301948657865,.1443969864773859,7.181232415099144,10.3635699668452,5.472932467030102,344.9402518684425,60200
"    56 Melete (A857 RB)",56,2.597219324853262,.2373381845683569,8.081950726113872,192.940487096905,104.9271672680984,263.6418411797848,60200
"    57 Mnemosyne (A859 SA)",57,3.153061341399668,.1086172591172297,15.23678229646789,198.8966120491684,210.6321933755517,64.80337685770562,60200
"    58 Concordia (A860 FA)",58,2.698595060832023,.04509896075610011,5.072631307524263,161.0622530283684,34.12002539471686,290.4731622212324,60200
"    59 Elpis (A860 RA)",59,2.713833765931029,.1170863502643687,8.648811299261068,169.931715693361,210.9274570777617,152.1871586177326,60200
"    60 Echo (A860 RB)",60,2.392407248154792,.1850391235955898,3.601218214640626,191.5394715665704,270.91583880,274.9895553663159,60200
"    61 Danae (A860 RC)",61,2.985837984526302,.1643587928649994,18.20525466245342,333.5690449576048,12.82006669843263,217.65164657516,60200
"    62 Erato (A860 RD)",62,3.130728546662063,.168149925340254,2.236417321848403,125.1160192096245,277.5343155600617,163.4618965050819,60200
"    63 Ausonia (A861 CA)",63,2.394007909585809,.1282493342859556,5.774023254041445,337.6933334953325,295.8568830564323,205.0785896113971,60200
"    64 Angelina (A861 EA)",64,2.681128031186887,.125986497252679,1.305547245023004,308.9878623555218,180.9250335603175,35.48881786792576,60200
"    65 Cybele (A861 EB)",65,3.425733443379117,.1222058244715327,3.559033744708985,155.3675002951794,103.363865079954,148.164352344531,60200
"    66 Maja (A861 GA)",66,2.645715054021991,.1726533710284607,3.044386199561791,7.48618459899274,43.33542080785472,26.17422520967489,60200
"    67 Asia (A861 HA)",67,2.421795381720608,.184465185946652,6.029379285459505,202.3886001469009,107.0985743102146,336.8576962423293,60200
"    68 Leto (A861 HB)",68,2.783699831054549,.1847114668920203,7.961348002248987,44.0550092204324,304.7539190630267,240.9733984016688,60200
"    69 Hesperia (A861 HC)",69,2.97589752146314,.1699819658104157,8.592926773235892,184.9860773885616,288.6901037064512,248.8230958904002,60200
"    70 Panopaea (A861 JA)",70,2.617080579970124,.1815314645887212,11.59822354069978,47.65337436311387,255.7694534478801,82.7082154641584,60200
"    71 Niobe (A861 PA)",71,2.753538834069376,.1765320746127286,23.24415993810232,315.915901222921,267.0964001046945,248.5792562140356,60200
"    72 Feronia (A861 KA)",72,2.266204818429042,.1213180561812306,5.418459276424911,207.9344739704265,103.0076874299535,108.8087017656947,60200
"    73 Klytia (A862 GA)",73,2.66516503828778,.04207490306717973,2.369645248635631,6.852071198278155,55.95957660290992,155.6311046433696,60200
"    74 Galatea (A862 QA)",74,2.781108485601295,.2363080561523504,4.07207185469173,197.1201107020346,174.7692637918543,254.394505008182,60200
"    75 Eurydike (A862 SA)",75,2.673771282324491,.303539330818236,4.991485370510246,359.3174593894366,339.5359269503891,322.1491930234183,60200
"    76 Freia (A862 UA)",76,3.411781778815967,.1670010870519294,2.122869932067657,204.2886127608805,251.9881835123092,174.4938943295511,60200
"    77 Frigga (A862 VA)",77,2.667513875829733,.133512756814349,2.422853061411542,1.13183660701538,61.63877217074812,285.3832430963511,60200
"    78 Diana (A863 EA)",78,2.621866902194844,.2033183487967117,8.678903123255964,333.3083041358231,153.1200685763513,329.5154276160839,60200
"    79 Eurynome (A863 RA)",79,2.444114740909653,.1908650641978611,4.61390432467827,206.5228805735095,201.5930798170876,280.7972325839294,60200
"    80 Sappho (A864 JA)",80,2.296190758261867,.1999008637386449,8.677150477981836,218.6453518361084,139.5797182801888,190.7645159156144,60200
"    81 Terpsichore (A864 SA)",81,2.852122488887283,.2119320785651509,7.80490459695488,.9496891047513761,51.48630612407034,314.7083797219038,60200
"    82 Alkmene (A864 WA)",82,2.762434883290748,.2206494356917547,2.826225137938672,25.43265504087018,110.9101616317838,159.3243176180344,60200
"    83 Beatrix (A865 HA)",83,2.431114956694679,.08253665563185962,4.967286217182789,27.66712193039118,170.0633077327394,283.8615226609944,60200
"    84 Klio (A865 QA)",84,2.362408821371144,.2359550797494367,9.314965946679344,327.5149147865983,15.06728439787395,181.8031285966925,60200
"    85 Io (A865 SA)",85,2.653609926612771,.193631244080396,11.96158235446031,203.0505263903894,122.9061630356443,225.8747016860769,60200
"    86 Semele (A866 AA)",86,3.103872054385614,.2163563288338952,4.822152039882619,86.06928984405901,309.0085560135354,279.8138359560753,60200
"    87 Sylvia (A866 KA)",87,3.477037558144233,.09389232575279999,10.88029343445555,73.01217232452323,264.403036366832,334.8192576772183,60200
"    88 Thisbe (A866 LA)",88,2.769115264692561,.1619241802882561,5.213485574002092,276.4235786077643,36.74384087789062,30.77020254771818,60200
"    89 Julia (A866 PA)",89,2.550744707476701,.1843294365393892,16.12372738957453,311.5434260686411,45.13525284077053,164.9424058332756,60200
"    90 Antiope (A866 TA)",90,3.152717291354109,.1689474249023448,2.207321790851504,69.92559353876216,245.2391305008574,66.9910757551762,60200
"    91 Aegina (A866 VA)",91,2.589433057117714,.1073193273444497,2.102979535491817,10.4305381359711,74.36838587586364,185.032816499508,60200
"    92 Undina (A867 NA)",92,3.184970754234543,.1052973224670413,9.922779795007134,101.3955489773897,237.0465676531295,98.99624382463159,60200
"    93 Minerva (A867 QA)",93,2.758802214442666,.1399865743929847,8.549380383437638,4.009321179832154,275.6788804225097,100.8517429638972,60200
"    94 Aurora (A867 RA)",94,3.155319374422069,.09548649294295226,7.970850349540892,2.546081954060942,60.27583357494317,230.1184164544109,60200
"    95 Arethusa (A867 WA)",95,3.067464560496775,.1537237844816986,13.00560611894746,242.933963534758,153.11018416,8.91543751448193,60200
"    96 Aegle (A868 DA)",96,3.050658372150893,.1416776459558467,15.97872734982294,321.4864863887289,208.0587253026863,41.02527700723079,60200
"    97 Klotho (A868 DB)",97,2.668234088462733,.2580616689125241,11.77838061055084,159.6200463402085,268.4780037968244,313.0831199446705,60200
"    98 Ianthe (A868 HA)",98,2.686739485141771,.1875294862038407,15.576263400716,353.8927135579477,158.3479755927739,124.0548662626707,60200
"    99 Dike (A868 KA)",99,2.662325434785976,.1974149261012217,13.86500853724028,41.40756280206766,195.5587015677178,247.0787957812836,60200
"   100 Hekate (A868 NA)",100,3.087842266309122,.1685091756913913,6.432382257946169,127.1723548471528,183.7720954401074,177.7971026917799,60200
"   101 Helena (A868 PA)",101,2.58226901335828,.1410655540030739,10.19505003556152,343.3688403485227,347.8931372710956,133.5755577865046,60200
"   102 Miriam (A868 QA)",102,2.663106996536949,.2509737581278057,5.17426618825145,210.7660664507175,147.2645435849394,253.9036291556336,60200
"   103 Hera (A868 RA)",103,2.701421512986309,.0791087471343685,5.418776767966327,136.067456018566,189.4427006954779,349.1371578659415,60200
"   104 Klymene (A868 RB)",104,3.145050655786848,.1620353360106505,2.789815161990125,41.65843716394514,31.67748844474676,201.0220874702964,60200
"   105 Artemis (A868 SA)",105,2.372172493636429,.1789071566461624,21.45592587432219,188.2203658990427,57.10326216524636,237.5952916013995,60200
"   106 Dione (A868 TA)",106,3.181805419374755,.1593383015689249,4.575827958487221,61.987568632268,331.5813029514041,141.2720452887629,60200
"   107 Camilla (A868 WA)",107,3.486137839032124,.06531665554528336,10.00466397485213,172.5852208736916,305.2206681676011,209.8994251385198,60200
"   108 Hecuba (A869 GB)",108,3.233428458216945,.0624851031145002,4.209447372877457,349.7562439372664,212.5870224871094,237.9228741261134,60200
"   109 Felicitas (A869 TA)",109,2.693451412784836,.3002041310558994,7.845532803617334,2.753665672610731,57.61367864696066,248.335306054078,60200
"   110 Lydia (A870 HA)",110,2.732978524614028,.07973049817103148,5.959868973872305,56.77090813052686,282.23625602,197.0112263568751,60200
"   111 Ate (A870 PA)",111,2.59382588811828,.1029441961169748,4.930999681825611,305.6783543630783,168.2527684154228,82.08261146072188,60200
"   112 Iphigenia (A870 SA)",112,2.432833089451614,.1284810126851418,2.597674615953595,323.3657557446869,16.93459886437043,124.7142188765794,60200
"   113 Amalthea (A871 EA)",113,2.377857483154245,.08555837085541657,5.040107459005618,123.3623850993615,79.60935287380651,205.5934831693061,60200
"   114 Kassandra (A871 OA)",114,2.676641412124782,.1383531100129191,4.944486061307034,164.064928606191,352.6203049413655,61.60959986245234,60200
"   115 Thyra (A871 PA)",115,2.37958696553191,.1926606007014323,11.58715686022404,308.7741569430088,96.8368514080293,86.72608476942446,60200
"   116 Sirona (A871 RA)",116,2.767574321041238,.1406004283589824,3.564033101212086,63.69022256982297,94.18311121873462,205.3151041641982,60200
"   117 Lomia (A871 RB)",117,2.989922110070602,.02346091315576812,14.92678356367268,348.6355809499778,51.99403841988742,93.23955431564029,60200
"   118 Peitho (A872 EA)",118,2.437106340889089,.1635994537695684,7.748130420839201,47.6373302337152,32.91340963894874,5.199356767730465,60200
"   119 Althaea (A872 GA)",119,2.582701551824453,.08212706956845209,5.788014356202795,203.6303531178322,171.1623380640484,11.42090543153744,60200
"   120 Lachesis (A872 GB)",120,3.124267875127334,.05009612574092991,6.950547197132268,341.1341311973275,236.5709629051636,157.7450363383953,60200
"   121 Hermione (A872 JA)",121,3.4534998638625,.1256752809657017,7.566941221053442,72.87621067066844,296.9265245316405,105.2936952746584,60200
"   122 Gerda (A872 OA)",122,3.233264762757192,.0275565693023277,1.643351789573028,178.093493784959,318.6541036993842,249.089003508705,60200
"   123 Brunhild (A872 OB)",123,2.696298644411463,.1210537494020846,6.410212094872136,307.6837675373331,124.9677301994294,317.2250963020921,60200
"   124 Alkeste (A872 QA)",124,2.628659112211556,.07816803581565997,2.963820071359079,187.9114920804911,61.98834145022206,223.8488831756067,60200
"   125 Liberatrix (A872 RA)",125,2.742917604515921,.08072272749946657,4.665072950572182,168.9507236391925,109.9553902992456,150.9669633331878,60200
"   126 Velleda (A872 VA)",126,2.439526524280538,.1052595698007543,2.923383156367,23.24027340504402,328.2120534760508,255.1452042030481,60200
"   127 Johanna (A872 VB)",127,2.758728953859795,.06495520733031124,8.244819609404349,31.13005699290855,92.20431565501595,270.5237097872761,60200
"   128 Nemesis (A872 WA)",128,2.748859991404298,.1277270834504901,6.247049548032847,76.15894487207439,302.8249673712527,58.8722951097817,60200
"   129 Antigone (A873 CA)",129,2.867397178779864,.2129230242854346,12.27049985673958,135.6649542886364,110.6915299656668,265.1722309996075,60200
"   130 Elektra (A873 DA)",130,3.126029810120427,.2096674231569869,22.77754751760893,144.9889231523324,237.74770581772,230.8769014263544,60200
"   131 Vala (A873 KA)",131,2.430873192588877,.06907231764281886,4.963564724131763,65.55925652010562,161.718007925809,243.8659765166123,60200
"   132 Aethra (A873 LA)",132,2.613063373757849,.3871398228231697,24.97312705901773,258.0662136578718,255.5322069902164,286.386903003308,60200
"   133 Cyrene (A873 QA)",133,3.062698333394031,.1342962292585047,7.213471573565085,318.9925943355931,290.3603006406247,73.36932017620907,60200
"   134 Sophrosyne (A873 SA)",134,2.564053560664148,.1148969370104701,11.61088372601693,345.8581025431835,85.51178781142363,133.403482262176,60200
"   135 Hertha (A874 DA)",135,2.428692657704244,.2072010605855721,2.303190038035914,343.5554540909812,340.4412058123915,34.51441449132363,60200
"   136 Austria (A874 FA)",136,2.286828305155798,.08439445393706671,9.580669233801435,186.4021912451151,132.7275195777254,313.0893008775639,60200
"   137 Meliboea (A874 HA)",137,3.124398829141129,.2113280311959024,13.43163595988199,202.1734062242188,107.6349968614052,324.2715217557781,60200
"   138 Tolosa (A874 KA)",138,2.449481769009008,.1618841934823007,3.202215819877844,54.72200482847658,260.6449089920085,297.1262778923208,60200
"   139 Juewa (A874 TA)",139,2.788971724398659,.1704642252427615,10.87948400887403,1.749357243328799,166.69385091,250.9381017846168,60200
"   140 Siwa (A874 TB)",140,2.73470778935889,.2143751363577135,3.185200594095841,107.1576811673009,197.1259046894996,47.02750463000159,60200
"   141 Lumen (A875 AA)",141,2.666698149862532,.2134554950671382,11.89535593379335,318.4677774703205,57.78616530244515,161.6891931353796,60200
"   142 Polana (A875 BA)",142,2.418401955359495,.134212871416257,2.238973476001151,291.2061391011269,291.7368653695473,102.5538538716584,60200
"   143 Adria (A875 DA)",143,2.760625286082272,.07313726576367212,11.44396725759482,332.9632846692795,251.9896208687222,65.2093764136517,60200
"   144 Vibilia (A875 LA)",144,2.655086817767894,.2359788054878171,4.815206873059488,76.16492126151846,294.6547925753541,11.91733757986008,60200
"   145 Adeona (A875 LB)",145,2.672314910941191,.1468195044169543,12.62058619500657,77.32423170764405,45.22318078595782,98.78147723500958,60200
"   146 Lucina (A875 LC)",146,2.717898896934158,.06605908487415975,13.09963342350505,83.93012354451476,145.3611437484635,51.52345826765689,60200
"   147 Protogeneia (A875 NA)",147,3.137248900824675,.02266457253525106,1.932526894745713,248.2182976636136,103.1952487498996,191.7169395818377,60200
"   148 Gallia (A875 PA)",148,2.771364568886426,.1884235408915039,25.28773126193317,144.9938120780556,252.5486412506293,346.2327987754374,60200
"   149 Medusa (A875 SA)",149,2.175150489600726,.06552631726854141,.9401498148222318,159.6106352317455,250.653331037231,359.6265594593476,60200
"   150 Nuwa (A875 UA)",150,2.983903191190259,.1237543884001792,2.202206589772029,206.1084195677941,154.0040689186829,272.5603805790897,60200
"   151 Abundantia (A875 VA)",151,2.592131617644691,.03561244448463278,6.431792448750318,38.73702482733805,132.746464915237,34.18463112354016,60200
"   152 Atala (A875 VB)",152,3.138710585709218,.08203132055357465,12.12397256638006,39.87855104956628,58.84885152642902,154.1285529383979,60200
"   153 Hilda (A875 VC)",153,3.972862545982323,.1391445386715276,7.82923950568346,228.0930254383054,39.4290600987181,13.72139141196548,60200
"   154 Bertha (A875 VD)",154,3.203537662097426,.07557721983755125,21.03859386376307,36.52647732098024,165.4517760114258,207.1407818598443,60200
"   155 Scylla (A875 VE)",155,2.760928375886516,.2726077440403452,11.36198325689338,40.54686940129872,46.727314568809,72.27243146196432,60200
"   156 Xanthippe (A875 WA)",156,2.728475483655659,.2258324309470252,9.779124936707166,241.8012586641055,338.3730011398275,111.7111801698557,60200
"   157 Dejanira (A875 XA)",157,2.579170725204811,.1979867337972235,12.16358113696694,62.03592319856252,46.30627742470532,210.1723052656409,60200
"   158 Koronis (A876 AA)",158,2.869309023376198,.0530358996829141,1.005309298477012,277.6502028515321,146.9128860065057,178.1834185445137,60200
"   159 Aemilia (A876 BA)",159,3.109835396907572,.100221151142847,6.112815019486694,133.8845978463018,333.2117827082272,322.3981186287255,60200
"   160 Una (A876 DA)",160,2.729071272787443,.06667192772226245,3.820186745117877,8.573113725168362,50.2112441069084,356.0005004678831,60200
"   161 Athor (A876 HA)",161,2.379583295114798,.1367832609559284,9.057527919372646,18.54957864424311,294.900736635008,327.0663458295012,60200
"   162 Laurentia (A876 HB)",162,3.016396773611203,.1822262453990643,6.091577719893105,35.44630161364116,115.6749501919283,69.76557678784955,60200
"   163 Erigone (A876 HC)",163,2.366129517551155,.19242724684353,4.816178475742448,160.0426750816229,298.5269032167735,263.5859615118827,60200
"   164 Eva (A876 NA)",164,2.631052975869353,.3470831061090648,24.47618687645742,76.78716078580203,284.0183299075339,99.78158874652988,60200
"   165 Loreley (A876 PA)",165,3.125285322114195,.08378780245174365,11.23432845290129,302.4503535028729,344.9183093850724,232.1913887459635,60200
"   166 Rhodope (A876 PB)",166,2.685822397624761,.2108263632021353,12.02367411748538,128.8968937160786,264.0310688357264,97.91294040645246,60200
"   167 Urda (A876 QA)",167,2.852549593927918,.03741429517677861,2.217565419242338,166.1061222375137,128.0570800080655,214.2856029707973,60200
"   168 Sibylla (A876 SA)",168,3.374908808727668,.07480328888358188,4.670722759548601,205.922761609044,176.0984693619132,222.627965004741,60200
"   169 Zelia (A876 SB)",169,2.358587584065461,.1304419331744404,5.500577751952945,354.7306413790782,334.7728705053069,237.4344772740266,60200
"   170 Maria (A877 AA)",170,2.553550659412521,.06140498372708274,14.3621667192272,301.193264366887,158.2638948077384,357.0302691500128,60200
"   171 Ophelia (A877 AB)",171,3.129790855307714,.1320863796205038,2.546794126257275,100.4670163701454,55.44666918220747,115.2415740879879,60200
"   172 Baucis (A877 CA)",172,2.379130310089816,.1146831952189892,10.01754637339936,331.904072993058,359.2842834153294,153.4285157214908,60200
"   173 Ino (A877 PA)",173,2.743005070484221,.2101635212776415,14.19432943366747,148.1498695453109,228.7116681971835,21.47554730451752,60200
"   174 Phaedra (A877 RA)",174,2.864738234620712,.1427865046902021,12.09088685012706,327.4706079488972,290.5437891315863,138.5177755462389,60200
"   175 Andromache (A877 TA)",175,3.184016771676698,.2324094928535285,3.21922737729647,21.27102090155868,319.7596290017346,127.4763416536197,60200
"   176 Iduna (A877 TB)",176,3.180208910441006,.1718973400841003,22.68002420463866,200.4703809458624,188.7558263897156,255.9543744374579,60200
"   177 Irma (A877 VA)",177,2.771558973228805,.234255547509123,1.38135606423228,346.9511418965488,39.55993386981515,236.4162655606003,60200
"   178 Belisana (A877 VB)",178,2.460016028046642,.04201086326195459,1.893479432145438,51.08366451196706,211.8532235915407,64.46912890351301,60200
"   179 Klytaemnestra (A877 VC)",179,2.974335452636051,.1098386033038715,7.816341764117414,251.8300183246618,104.3099064939177,218.155669551136,60200
"   180 Garumna (A878 BA)",180,2.720940586982314,.1680106558932532,.8677670950293146,311.8280590719145,175.9263378429335,152.6721866920984,60200
"   181 Eucharis (A878 CB)",181,3.125833672904959,.2077723245703056,18.89161256232785,143.0011334401917,318.8214925499029,136.0209352626271,60200
"   182 Elsa (A878 CC)",182,2.416406487924877,.1872158597950118,2.00536597163959,107.1709549453176,310.5726517598046,342.3977598265099,60200
"   183 Istria (A878 CD)",183,2.794956703378404,.3484523545551252,26.3926988315012,141.8696257248612,264.0234732428133,124.043585150095,60200
"   184 Dejopeja (A878 DA)",184,3.199951460403003,.06138417569552495,1.131163558375408,331.2116326245705,213.0313525387049,206.1886111533059,60200
"   185 Eunike (A878 EA)",185,2.739202595618616,.1272535691277981,23.25118240450581,153.7592243934357,223.8298471646093,173.2188112663249,60200
"   186 Celuta (A878 GA)",186,2.362363744888317,.1495173318076551,13.18621685837851,14.71739585892633,315.5270280797553,261.3679353333297,60200
"   187 Lamberta (A878 GB)",187,2.727833714011913,.2404274100248043,10.58235074282069,21.67250611590378,196.6872179411827,66.5286799688953,60200
"   188 Menippe (A878 MA)",188,2.760769460431457,.1791246588439549,11.70314298617603,240.8213258492847,69.82615973564451,185.5829423452939,60200
"   189 Phthia (A878 RA)",189,2.450073484730108,.03598418271146613,5.175696863312769,203.3428560753913,169.5204637803385,283.5060303716758,60200
"   190 Ismene (A878 SA)",190,3.993682560499818,.1681590774592562,6.176073513033161,175.4374539837995,271.1671306031313,97.11000167913632,60200
"   191 Kolga (A878 SB)",191,2.895444143064058,.08758518605030637,11.52320559199474,159.19155812,226.3832953979812,127.1310795565817,60200
"   192 Nausikaa (A879 DA)",192,2.402332298769526,.245880981901967,6.797838214335958,343.0882526496803,30.5606745044748,61.67422414753364,60200
"   193 Ambrosia (A879 DB)",193,2.598978634145529,.2980605951285202,11.9939963962338,349.497196372019,82.52167820933744,221.3708369388233,60200
"   194 Prokne (A879 FA)",194,2.616729861373944,.237359893332727,18.50864337861409,159.2581825150706,163.1685562107033,288.1082492970172,60200
"   195 Eurykleia (A879 HA)",195,2.882141639359797,.04033912485741682,6.96088113333313,6.954344456339644,116.7445067109694,280.833680327225,60200
"   196 Philomela (A879 JA)",196,3.112843521625873,.01474190322530953,7.262918927304688,72.29901602218284,203.5988430329704,14.84476858469842,60200
"   197 Arete (A879 KA)",197,2.739913148417658,.1630546120136167,8.78879585251387,81.5689710159356,246.0048981002103,226.2463793443442,60200
"   198 Ampella (A879 LA)",198,2.458085375330926,.2278213458390461,9.323464627970948,268.2082624015196,89.08471658090713,75.2036537196454,60200
"   199 Byblis (A879 NA)",199,3.161334982582985,.1827918633615748,15.47798218006637,88.41672764050708,179.5984682888617,182.1635945189514,60200
"   200 Dynamene (A879 OA)",200,2.737580363022297,.1329236478698194,6.898465049265631,324.2477778716528,86.98233604048666,214.2959305584137,60200
"   201 Penelope (A879 PA)",201,2.678787888528923,.1791289364734175,5.756042967273244,156.909465232982,181.0559836387125,303.6644185586193,60200
"   202 Chryseis (A879 RA)",202,3.069451915689737,.1043799448646415,8.850578929693482,136.7075784334544,359.6489632611078,129.2120037917642,60200
"   203 Pompeja (A879 SA)",203,2.736367399869745,.05971090603118138,3.171915403871621,347.7023834755461,60.17192079278128,250.3730022677055,60200
"   204 Kallisto (A879 TA)",204,2.672927653464152,.1737411498033941,8.287631539379641,205.077319692182,55.76560102315168,97.23929296038561,60200
"   205 Martha (A879 TB)",205,2.778086344153447,.03670016742060261,10.70790433319812,211.7227714871865,172.4517277453644,36.80756239022568,60200
"   206 Hersilia (A879 TC)",206,2.74024825157918,.03974539038066464,3.779827425648257,145.0316117754443,302.5950870537816,190.8112970429806,60200
"   207 Hedda (A879 UA)",207,2.283713879606782,.02945508234665896,3.802333827292252,29.14131441651384,192.0125149240512,58.35018021117547,60200
"   208 Lacrimosa (A879 UB)",208,2.891445874433825,.01076593348136424,1.744742328683134,4.151419318712369,128.8214188482409,349.939240656806,60200
"   209 Dido (A879 UC)",209,3.146165203441763,.05494082299353793,7.170047868746597,.6331173623993792,249.780462883888,49.19507592049737,60200
"   210 Isabella (A879 VA)",210,2.722910151630902,.124221434340262,5.260345427213458,32.55695605535099,13.97197593474145,5.145886333694516,60200
"   211 Isolda (A879 XA)",211,3.045682400005939,.1548366178037494,3.873820879708694,263.1738772575357,173.4025711680339,23.01316536642322,60200
"   212 Medea (A880 CA)",212,3.117644720657451,.1029559755857873,4.277000911676483,312.9154085699294,105.4205414896141,129.32502219444,60200
"   213 Lilaea (A880 DA)",213,2.752701811306582,.1441064643294411,6.801063694491885,122.0169159922597,162.5550459345323,40.22965356899388,60200
"   214 Aschera (A880 DB)",214,2.611162536557885,.03059802677353973,3.437116480016795,341.9276637135325,136.1894765448315,49.68023063052562,60200
"   215 Oenone (A880 GA)",215,2.766561881946134,.03380498466260039,1.68142521001895,24.89758732355385,318.2263375035702,285.4657598777677,60200
"   216 Kleopatra (A880 GB)",216,2.793157851183585,.2509986374521496,13.12108267074405,215.3137709253928,179.6897919852535,48.92083974254455,60200
"   217 Eudora (A880 QA)",217,2.866145827230983,.3102224571659392,10.52343464069331,162.5710724051178,155.1715926719273,157.3322012971119,60200
"   218 Bianca (A880 RA)",218,2.667083543321278,.1165027946580528,15.19825687341556,170.5623368969372,62.40011449295528,39.11618624635538,60200
"   219 Thusnelda (A880 SA)",219,2.354686614600391,.2229745999713742,10.86513096793443,200.7746403729947,142.7261391556263,227.6075001557107,60200
"   220 Stephania (A881 KA)",220,2.347633690557214,.257755615838343,7.596064706256371,257.8379933571043,78.6068595975361,121.5233386995845,60200
"   221 Eos (A882 BA)",221,3.011980711588051,.1016971655508983,10.89054856024934,141.7348302450044,192.554294837172,198.1147955616453,60200
"   222 Lucia (A882 CA)",222,3.143753983132807,.1308806352763231,2.149039823161387,80.11522700279106,182.1947215059272,88.09167170889513,60200
"   223 Rosa (A882 EA)",223,3.091934803657198,.1202489696953528,1.923739793233327,47.53927163942778,65.44593480266283,56.58768151029206,60200
"   224 Oceana (A882 FA)",224,2.644738323585732,.04497328007395472,5.845622820402341,352.7507962683027,282.4721740211983,238.9374348288681,60200
"   225 Henrietta (A882 HA)",225,3.394626132144591,.2621962732576371,20.85279032181653,197.0312441907519,103.8389416420896,209.8836988232559,60200
"   226 Weringia (A882 OA)",226,2.71182959847141,.2037125029821634,15.96938923984444,134.9484657504333,153.8337643065692,228.9409726971149,60200
"   227 Philosophia (A882 PA)",227,3.169963648407607,.1952393413426898,9.056303862537577,325.410177649257,269.6924917766789,163.8752803783558,60200
"   228 Agathe (A882 QA)",228,2.201470096591075,.2422694638994041,2.535904720114178,313.2526853258677,19.17717939413969,63.66745798619906,60200
"   229 Adelinda (A882 QB)",229,3.42115710178948,.1368666860351758,2.077273502355396,27.82784984391265,309.0785044853338,125.0746864582801,60200
"   230 Athamantis (A882 RA)",230,2.381621504000444,.06162525855455336,9.455340605268121,239.7739222713434,138.9295944848656,93.35873204803805,60200
"   231 Vindobona (A882 RB)",231,2.920661694569183,.155800447766081,5.088839016557971,350.3755836304593,269.0811989379991,164.6381913370319,60200
"   232 Russia (A883 BA)",232,2.552554004407298,.1740325789512631,6.065741717030395,152.1986848379547,51.86587057391573,122.4140443808319,60200
"   233 Asterope (A883 JA)",233,2.660250015005094,.1000202594056475,7.692436461162132,221.945187771757,126.5686235684361,7.795228007447747,60200
"   234 Barbara (A883 PA)",234,2.385364014084764,.2450980300128504,15.37539484776416,144.4909223901424,192.4045214120236,352.4005720909495,60200
"   235 Carolina (A883 WA)",235,2.882106712858439,.06090370038010581,9.030234847013968,65.98785325432529,208.0409883635537,343.1765922189581,60200
"   236 Honoria (A884 HA)",236,2.797834948911612,.1904498233649042,7.700331531196062,185.804320216313,174.2789910056909,122.7376545932412,60200
"   237 Coelestina (A884 MA)",237,2.765386094666851,.07166452973426259,9.748076797049253,84.18188131807197,201.504987205226,88.9614442250296,60200
"   238 Hypatia (A884 NA)",238,2.906154246856695,.09106910055865977,12.41470989667043,183.8679565992044,210.439904106523,327.5566120359171,60200
"   239 Adrastea (A884 QA)",239,2.967166003040056,.2364260387952188,6.176387081418355,180.6185812233947,209.6326793028176,15.77494069786272,60200
"   240 Vanadis (A884 QB)",240,2.66265787172641,.2088267849964701,2.105764032094358,115.0629150953886,300.9584119616078,288.7962353829672,60200
"   241 Germania (A884 RA)",241,3.052399696151058,.1055330383288305,5.506802957484058,270.1863346099877,80.30051770143784,39.69914051019441,60200
"   242 Kriemhild (A884 SA)",242,2.860723367096182,.1222644796441662,11.35238116701777,206.8951436629819,278.8747119921089,161.1215406221303,60200
"   243 Ida (A884 SB)",243,2.8607655424159,.04440699001474286,1.129878219697183,323.5907034819229,113.8821799977707,205.3583264362929,60200
"   244 Sita (A884 TA)",244,2.174291574101516,.1371863250657675,2.846874915684031,208.9305055889161,166.2102616043323,125.3834285175596,60200
"   245 Vera (A885 CA)",245,3.096904246578251,.1975971461922968,5.179316547386186,61.03648994331457,331.7939201742336,228.1995712505103,60200
"   246 Asporina (A885 EA)",246,2.693907079233776,.1084881512804704,15.62139644830235,162.2722827916296,96.21036081754627,32.36797933869647,60200
"   247 Eukrate (A885 EB)",247,2.739310626716496,.2462820389074798,24.95750759268203,.0480578452773041,55.36989431586607,280.1030399408671,60200
"   248 Lameia (A885 LA)",248,2.469710082281749,.06769801955790608,4.065427120839062,246.6366148569315,11.59919549675248,203.2442296241439,60200
"   249 Ilse (A885 QA)",249,2.378127967253205,.2171645271722933,9.619977747858979,334.6850536175955,42.1954022388957,203.2098601048584,60200
"   250 Bettina (A885 RA)",250,3.143830294304703,.1363121133992379,12.81973480090912,23.80815035460805,75.74605196369254,157.2810679146543,60200
"   251 Sophia (A885 TA)",251,3.096766395843696,.09341569306490362,10.55136755985157,155.8741023412222,289.0477543716966,46.54867375053603,60200
"   252 Clementina (A885 TB)",252,3.162336460735043,.0662117947120802,10.03567013131236,201.9218109338191,160.0649534067901,222.6352006964441,60200
"   253 Mathilde (A885 VA)",253,2.649028910487655,.2640927347593517,6.740806059336948,179.528983507977,157.8357727551262,44.32400892578083,60200
"   254 Augusta (A886 FA)",254,2.194561823608295,.1212761214749998,4.512035570277397,28.42658236692798,233.0874796118269,49.13551339217194,60200
"   255 Oppavia (A886 FB)",255,2.745563591036114,.07895783465887221,9.463603225564869,13.58079609144364,154.6600694195661,105.6558853606299,60200
"   256 Walpurga (A886 GA)",256,3.000885248137453,.0647450354100987,13.32636700270866,182.9128000686197,48.21761243773638,123.7146225418722,60200
"   257 Silesia (A886 GB)",257,3.120139206817272,.1123236760627028,3.612959997306921,34.05182584892803,31.88717093591617,131.0902919570034,60200
"   258 Tyche (A886 JA)",258,2.614988856666905,.2054102141640309,14.329322404336,207.5378590652807,155.5126792806595,43.12803412425755,60200
"   259 Aletheia (A886 MA)",259,3.131173624302503,.1297367012095118,10.8089969933531,86.78805578718283,166.6518277729129,245.9048952800829,60200
"   260 Huberta (A886 TA)",260,3.449579155112214,.1077080738332934,6.419829326354271,164.9461967498264,180.1889591675069,151.7621651425682,60200
"   261 Prymno (A886 UA)",261,2.33163524190041,.08999485098670365,3.633663358519841,96.58026172278952,66.79156168180107,34.57047228850239,60200
"   262 Valda (A886 VA)",262,2.5531103173192,.2117413058043775,7.669587178706544,38.28141860069151,26.18077954970263,175.9846356322996,60200
"   263 Dresda (A886 VB)",263,2.886150560923846,.07916409411412736,1.321365390435426,216.1319950036217,162.6942443165088,340.9130684068306,60200
"   264 Libussa (A886 YA)",264,2.797216819732355,.1357600256592772,10.4274248301231,49.49020102732143,339.8563955881387,83.6814513623152,60200
"   265 Anna (A887 DA)",265,2.419885233960072,.2669266142862907,25.6478598888244,335.5243367617639,251.4784179252781,45.77605008826585,60200
"   266 Aline (A887 KA)",266,2.80551872111546,.1544008670524751,13.40272314421002,235.8122720986684,151.9333025699871,236.8359558650017,60200
"   267 Tirza (A887 KB)",267,2.77335503942532,.1017861117854808,6.009318038947355,73.58576612366197,196.8914466960708,161.5932156442767,60200
"   268 Adorea (A887 LA)",268,3.093254769755311,.1366950568541102,2.440362247058712,120.8474228894544,68.24684094717927,54.78879114949329,60200
"   269 Justitia (A887 SA)",269,2.618428348953496,.2138537040033094,5.474313281069175,156.6664848545155,119.9965796496839,104.6257537508578,60200
"   270 Anahita (A887 TA)",270,2.19857375414971,.1499740157867345,2.367439082311384,254.296821439428,80.66485522767553,285.3107388879779,60200
"   271 Penthesilea (A887 TB)",271,3.006704496499702,.1046936543851618,3.531290932005203,335.2508868272137,56.3998822452412,17.97690471332975,60200
"   272 Antonia (A888 CA)",272,2.778136681578127,.02915393949081832,4.432345045302804,37.30483304774781,68.75416563803877,136.6798195891314,60200
"   273 Atropos (A888 EA)",273,2.396552899513305,.1602282224105491,20.44125375770929,158.89129244,121.4326203114033,98.79186651061309,60200
"   274 Philagoria (A888 GA)",274,3.053347910398271,.1168287540092663,3.676497784578681,92.63494338128271,121.5358034073428,165.6848019738591,60200
"   275 Sapientia (A888 GB)",275,2.769932263387839,.1632531930590874,4.764383813644264,134.0355733847991,39.29848376128152,137.4182699357384,60200
"   276 Adelheid (A888 HA)",276,3.119668736545601,.06220286460050227,21.66616128948126,210.9853978143921,265.6667594317859,309.7735053155854,60200
"   277 Elvira (A888 JA)",277,2.883941939272569,.0922647888477764,1.166337397300393,230.995957089015,135.5562537240513,71.51261636623398,60200
"   278 Paulina (A888 KA)",278,2.754284686458288,.1342481135884657,7.834683587038967,61.68590981189406,141.8333354587112,242.4661234034166,60200
"   279 Thule (A888 UA)",279,4.264494866387926,.04392692494167572,2.334841697833156,71.87869285035255,27.69486458850918,6.27787672976882,60200
"   280 Philia (A888 UB)",280,2.940482332720843,.1108451734428111,7.440107705800346,9.847533061419604,89.08566689556889,201.4774746560878,60200
"   281 Lucretia (A888 UC)",281,2.187725113239713,.1319363050159166,5.302221342570913,31.33801295402093,16.89343440558315,233.6675786822843,60200
"   282 Clorinde (A889 BA)",282,2.338844783367061,.0815363263357607,9.036410270478939,144.8776094041349,296.6381470170728,272.9716120270701,60200
"   283 Emma (A889 CA)",283,3.049985752864606,.1443454943786538,7.986378264529236,303.8697860683715,55.70681908187866,246.4134445428178,60200
"   284 Amalia (A889 KA)",284,2.359002070896073,.221290345899735,8.05496637960777,233.6728924576213,58.04241329104931,347.4648190396521,60200
"   285 Regina (A889 PA)",285,3.088776749496921,.2039576360194124,17.60668644103686,311.21603884,14.50569587796822,249.9451814047686,60200
"   286 Iclea (A889 PB)",286,3.193042783912476,.02386611937452946,17.94128142896383,148.9348372935476,210.4497944157395,141.2710723891252,60200
"   287 Nephthys (A889 QA)",287,2.353965663989821,.02267250130481938,10.03187934145006,142.3016716828058,121.7436248820802,115.0591945091903,60200
"   288 Glauke (A890 DA)",288,2.760668001620943,.2058262677925766,4.337715273985895,120.1018730028189,84.40599806603285,15.43587100681366,60200
"   289 Nenetta (A890 EA)",289,2.875564844003152,.2019076841955025,6.680783414484794,181.9266253974694,190.6932405254755,267.8789164747008,60200
"   290 Bruna (A890 FA)",290,2.336623634861501,.2581541397900326,22.33714928190826,10.33094622892461,105.4363922087112,168.4638922059825,60200
"   291 Alice (A890 HA)",291,2.221537604381325,.09322022560405162,1.857242393559656,161.5869825020814,332.0033106042687,168.5158814486564,60200
"   292 Ludovica (A890 HB)",292,2.529636570381068,.03277907857316942,14.88725963726976,43.4739375319889,286.7935839635966,303.8932658892488,60200
"   293 Brasilia (A890 KA)",293,2.864563215692414,.1022889405212064,15.60718539306245,61.06326999147898,88.03915111128065,276.1859886620088,60200
"   294 Felicia (A890 NA)",294,3.155324066825909,.2329195734396837,6.26432358174415,135.692078363616,186.3157040948941,310.814683445913,60200
"   295 Theresia (A890 QA)",295,2.797848858580501,.1674687352434823,2.699700296612962,275.8736391276425,148.4135887483947,94.28415385561073,60200
"   296 Phaetusa (A890 QB)",296,2.228559875862365,.1601538637855748,1.748055218837526,121.56139003735,252.7161674522827,322.5081246688357,60200
"   297 Caecilia (A890 RA)",297,3.167977393035848,.1390391860059786,7.550711511550353,331.894412242766,353.6515488583368,212.3120572815048,60200
"   298 Baptistina (A890 RB)",298,2.264573915821562,.09574928364102975,6.284042251480781,8.153868627020888,134.6539020568507,242.4618857698693,60200
"   299 Thora (A890 TA)",299,2.43500457745751,.06309039609597872,1.607172029409125,241.411775284357,151.6283196424936,354.8024161619444,60200
"   300 Geraldina (A890 TB)",300,3.209782617483623,.05944688238397723,.7269576110078499,42.87867134139053,320.6398675764324,43.760779314452,60200
"   301 Bavaria (A890 WA)",301,2.725650764626192,.06611125422721249,4.897630457835144,142.2928425189363,123.8236813738492,327.3474959413322,60200
"   302 Clarissa (A890 VA)",302,2.406160959854854,.1103182134765604,3.413128558188088,7.729547859426429,55.17597393231989,179.9146032243912,60200
"   303 Josephina (A891 CA)",303,3.123059024376625,.05649674031712313,6.886389357461058,343.6500546052267,67.64462377855416,97.92697162944488,60200
"   304 Olga (A891 CB)",304,2.403736719908856,.2219138580851166,15.84679041019072,159.0111616348763,172.5716079379423,31.29871613437681,60200
"   305 Gordonia (A891 DA)",305,3.088880224563546,.1965667522727642,4.451000115571124,207.4629083207551,260.5715963339433,155.5319519011081,60200
"   306 Unitas (A891 EA)",306,2.358968325833451,.1513212385353071,7.275669922408818,141.8289303620316,168.2074771478706,76.46390020487601,60200
"   307 Nike (A891 EB)",307,2.909303826891777,.1440595715500088,6.12433122428505,100.903168668785,323.6589251369609,328.8871345690047,60200
"   308 Polyxo (A891 FA)",308,2.750070371483401,.03893941537114422,4.362788318828524,181.5919371959629,112.3472008825808,275.7600214820859,60200
"   309 Fraternitas (A891 GA)",309,2.666387443317602,.1142127689642456,3.712633950485253,356.5029219873022,311.4099459676738,58.24373205306898,60200
"   310 Margarita (A891 KA)",310,2.760605726722652,.1167904734029439,3.171721255111369,229.0428607899667,324.9390654671681,336.0919370533941,60200
"   311 Claudia (A891 LA)",311,2.897971773553015,.005799017677960175,3.224048172715116,80.96426453040758,78.7068759814594,32.335593579773,60200
"   312 Pierretta (A891 QA)",312,2.781038579673156,.1603441637197972,9.036287071732925,6.203866258579026,262.1294224624147,235.2856046978596,60200
"   313 Chaldaea (A891 QB)",313,2.375324354161505,.1816090427027169,11.65056452245894,176.5761164886786,315.7274645718344,242.8043415320319,60200
"   314 Rosalia (A891 RA)",314,3.160483651354996,.1712299606102086,12.51413417288949,169.9641093675793,191.8202714018386,211.7080959215287,60200
"   315 Constantia (A891 RB)",315,2.240750828935467,.1686393963792863,2.429572596250533,161.6267412300305,172.7754611354065,130.3616835364928,60200
"   316 Goberta (A891 RC)",316,3.181811823801883,.1276738860928912,2.347045277966642,123.7910063117101,317.4412442118426,44.00552933580732,60200
"   317 Roxane (A891 RD)",317,2.287260607563138,.08594505954687656,1.766073943481992,151.3412055401142,187.1321542587691,60.2119396125129,60200
"   318 Magdalena (A891 SA)",318,3.192416301369998,.0850109398814415,10.65758849901387,161.491584248322,295.2771984473987,248.9776230740886,60200
"   319 Leona (A891 TA)",319,3.411966601569163,.2151550157176136,10.56359115972142,184.8621021482256,227.0495642195959,7.561722797377472,60200
"   320 Katharina (A891 TB)",320,3.009945631658581,.1160990724812739,9.389482307020364,219.7644759948844,148.4071901970328,87.94156649730991,60200
"   321 Florentina (A891 TC)",321,2.885113859149828,.04742804758112116,2.587257155071689,40.20885772101109,34.49863396054307,286.8339001142601,60200
"   322 Phaeo (A891 WB)",322,2.784067747507281,.2445797985917494,8.044819258344205,252.2936170043311,114.8515580107482,175.4048203839961,60200
"   323 Brucia (A891 YB)",323,2.381935199974605,.2998219590121639,24.25815789685813,97.28963744026332,291.5930253728363,335.8561300227149,60200
"   324 Bamberga (A892 DA)",324,2.680630998136729,.3412113047799094,11.1018059222894,327.8533891041082,44.15205913451963,89.32577739245086,60200
"   325 Heidelberga (A892 EA)",325,3.216143427591914,.1513269300657672,8.573807689928303,344.2124671933178,70.8249283866207,89.64256523556669,60200
"   326 Tamara (A892 FD)",326,2.317467433766282,.1895291065455438,23.72444145546867,32.16875882742273,238.532979340981,32.58872486013779,60200
"   327 Columbia (A892 FE)",327,2.776061826919656,.06107807215411396,7.140779772592162,354.7513394363889,308.428147908934,45.08569669845107,60200
"   328 Gudrun (A892 FF)",328,3.108935865470869,.1074893659530647,16.13366177930273,351.892317864454,107.3300735367609,69.22429419789833,60200
"   329 Svea (A892 FG)",329,2.476130474297978,.0258316124167103,15.88233370196299,178.4427297391881,58.09212710739644,217.6552924930817,60200
"   330 Adalberta (A910 CB)",330,2.4696853648917,.2518860869838662,6.758059491214842,137.0925971589123,259.1280687158307,173.8856564785619,60200
"   331 Etheridgea (A892 GA)",331,3.027358213091494,.09578223334028789,6.036198447271518,21.8514448193553,334.0851721248634,214.3676983497296,60200
"   332 Siri (A892 FH)",332,2.773163226671203,.08862017105441958,2.845043507108846,31.54526695262435,298.2310551460832,19.13711633013925,60200
"   333 Badenia (A892 QA)",333,3.131964015682463,.1600899402016885,3.73828300455368,353.1436685387422,23.13411303386366,233.0204339649194,60200
"   334 Chicago (A892 QB)",334,3.899321065292904,.02543700568015218,4.638547341556242,130.1296614463715,156.6383694617264,75.92560659601072,60200
"   335 Roberta (A892 RB)",335,2.475927514189984,.1721667199580857,5.102270138220824,148.4224829020164,139.7965592525688,293.6751808835702,60200
"   336 Lacadiera (A892 SA)",336,2.251685165671632,.09521151977820219,5.652168944863849,234.9864873578372,30.95024298376095,2.803267075796479,60200
"   337 Devosa (A892 SB)",337,2.383517394075462,.1365601075622307,7.859181920781417,355.3393663028501,99.45499921991902,145.232984635505,60200
"   338 Budrosa (A892 SF)",338,2.911564377436382,.01814292379273604,6.038475240207108,287.3064010721227,109.717440411013,98.84340734776015,60200
"   339 Dorothea (A892 SC)",339,3.015161304058239,.1002470479269953,9.961180555067955,173.4797447859759,164.7045808211223,41.4460318276579,60200
"   340 Eduarda (A892 SD)",340,2.745357301340416,.1173083867132244,4.668210252256687,26.95024714515466,43.12687577765951,225.0456329572909,60200
"   341 California (A892 SE)",341,2.199509101534719,.1945380481238645,5.666454979782445,29.01034182824473,293.8498630469383,81.25434132453795,60200
"   342 Endymion (A892 UA)",342,2.567320012980868,.1302929784859696,7.353934913160077,232.653353898274,224.852279829872,238.1935129144138,60200
"   343 Ostara (A892 VA)",343,2.411811384171758,.2301082978233344,3.259757810434349,38.58143811198929,10.16881672109471,340.0499960882287,60200
"   344 Desiderata (A892 WA)",344,2.595223586511341,.3139654982473195,18.35292874421448,47.99429442420261,237.472802338682,193.6020823212633,60200
"   345 Tercidina (A892 WB)",345,2.3256301187224,.06200591160292335,9.74557999174373,212.58538680129,230.6059491761681,291.0601941294901,60200
"   346 Hermentaria (A892 WC)",346,2.797612818527156,.1034976608898619,8.75317233750531,91.86043988437325,291.2930293661028,17.64509623962827,60200
"   347 Pariana (A892 WD)",347,2.614675243796178,.1638204472186524,11.68567373131864,85.2301015418209,87.24621021407752,254.2253771952624,60200
"   348 May (A892 WE)",348,2.968629995017779,.07157909005500862,9.758857546702979,89.89329523623475,13.37223568765528,162.6400698796867,60200
"   349 Dembowska (A892 XB)",349,2.923223252284251,.0893414762018703,8.250909496221366,32.19189142971379,344.3651403718145,101.3683807842408,60200
"   350 Ornamenta (A892 XC)",350,3.107642741703877,.1603760407432438,24.89904751751924,90.0807726856264,337.7405962965283,285.1921231700226,60200
"   351 Yrsa (A892 YA)",351,2.765102704361725,.1560793533108703,9.206908558327337,99.18412936593363,31.70627010478735,116.6646997875288,60200
"   352 Gisela (A893 AB)",352,2.194270915351574,.1493704356482331,3.384250617519498,247.2117298282056,144.5034149709469,142.8654354046223,60200
"   353 Ruperto-Carola (A893 BB)",353,2.735861297333561,.3280413700266642,5.707678319680851,102.4401177018757,321.1424375553597,352.5872026432785,60200
"   354 Eleonora (A893 BC)",354,2.799592465074709,.1114951830596209,18.3614833354289,140.2207324658242,7.839325501914495,308.3784653411597,60200
"   355 Gabriella (A893 BD)",355,2.537851255187738,.106145191688116,4.286466551979341,351.6500525692466,107.2005512727967,123.149869717331,60200
"   356 Liguria (A893 BE)",356,2.754467743410092,.241584527206439,8.204837898871224,354.493189815419,79.37070375783905,228.0401583694131,60200
"   357 Ninina (A893 CB)",357,3.150213158644386,.07775142811367525,15.05478517389442,137.6235972014136,255.8320271972444,240.8317246830512,60200
"   358 Apollonia (A893 EC)",358,2.87895777929427,.152812025090415,3.554392877225308,172.1358360191603,252.1092686733695,345.9075116184133,60200
"   359 Georgia (A893 ED)",359,2.728511192945426,.1565283558723819,6.774097261809758,6.006520616076855,337.9517613649315,173.3253715155126,60200
"   360 Carlova (A893 EE)",360,3.005100339268976,.1737792986153032,11.74051784448423,132.1900428656705,290.0301528452691,120.2982163573632,60200
"   361 Bononia (A893 EF)",361,3.973161944550259,.2106306611241439,12.6120518372554,18.78803884313545,67.77779059449138,295.1898218259246,60200
"   362 Havnia (A893 EG)",362,2.5787081937436,.04481160220394114,8.064250612954057,27.31018157262014,31.02535396245697,299.9716456947923,60200
"   363 Padua (A893 FD)",363,2.749485879915241,.07309323185383745,5.949252488362768,64.68949763244036,295.6848842657471,36.28882374679101,60200
"   364 Isara (A893 FE)",364,2.220259895673251,.1491620242558414,6.004970565045929,105.5133361428156,313.1782421464355,257.0221647254675,60200
"   365 Corduba (A893 FF)",365,2.801795680685855,.1559917952936117,12.80059052250036,185.1400148294508,215.4506265114648,61.16698780935723,60200
"   366 Vincentina (A893 FG)",366,3.143321472162774,.05676304267229389,10.57948927536051,346.6961601508219,334.1453011781272,21.29829285571871,60200
"   367 Amicitia (A893 KB)",367,2.219832753837853,.09586284882761884,2.941252845587127,83.43063045742782,55.29683311919399,239.1113625727872,60200
"   368 Haidea (A893 KC)",368,3.07312716319232,.2016139072942289,7.799361143511384,226.2901200263869,95.58513941361915,25.03775152439141,60200
"   369 Aeria (A893 NA)",369,2.648644270183211,.09743232738526988,12.71744862564072,94.13901367901488,269.9842683501313,347.1351224123493,60200
"   370 Modestia (A893 NB)",370,2.324842609864041,.09065217300263954,7.860958278918085,290.8884122603243,68.46068757010288,212.6653117209643,60200
"   371 Bohemia (A893 OA)",371,2.726643227159136,.063104601410987,7.401031855927418,283.3707289937121,342.1289149233259,353.8104471204467,60200
"   372 Palma (A893 QB)",372,3.160119318579393,.252674368450601,23.78684616562767,327.2285231188197,115.228591113376,13.46274701264095,60200
"   373 Melusina (A893 RA)",373,3.122319959410034,.1377406182708891,15.37718584744093,3.63109779403479,349.1101372571742,230.9124431755356,60200
"   374 Burgundia (A893 SA)",374,2.782763802883688,.07880651859423959,8.997123092876189,218.9677531563169,26.85768739755204,126.5061185167959,60200
"   375 Ursula (A893 SB)",375,3.127057032090141,.1029225301581766,15.94233112610783,336.4096127538614,341.5721344515246,222.1047431308016,60200
"   376 Geometria (A893 SC)",376,2.288154630820021,.1726978834904517,5.430337833478616,301.9615130770299,316.6136804945944,283.6043712443438,60200
"   377 Campania (A893 SD)",377,2.690938991870768,.07540639023429239,6.677846474554308,209.9285332073742,196.4914668087669,133.6389284201909,60200
"   378 Holmia (A893 XA)",378,2.77564666328033,.130249878032305,7.013022686249185,232.3528247536694,156.6403265856457,47.18173099256065,60200
"   379 Huenna (A894 AA)",379,3.14354302482422,.1796566566808595,1.670806905846574,171.8598942740337,180.87797800,225.1583232501696,60200
"   380 Fiducia (A894 AB)",380,2.677980042854653,.1127478275743149,6.16204212752709,95.02481784805379,240.2932432129713,335.4951951748182,60200
"   381 Myrrha (A894 AC)",381,3.223240774392088,.08969448868990862,12.55660725801941,125.0630545493699,144.4460799802185,71.92214983558117,60200
"   382 Dodona (A894 BB)",382,3.1216635432316,.1703524431054174,7.388839051959033,313.4569052058879,270.5568521936028,110.5166084126094,60200
"   383 Janina (A894 BC)",383,3.139690180128004,.1685232744197054,2.659386871880383,92.76266170598841,324.6506095286537,174.5406736486497,60200
"   384 Burdigala (A894 CA)",384,2.65222192880196,.1453926820153678,5.59062745985234,47.67152182125398,34.94442285787068,46.82750507072875,60200
"   385 Ilmatar (A894 EA)",385,2.846931437062941,.1263193720382352,13.58232292324126,344.8561336513279,189.1383209080201,338.0355284137429,60200
"   386 Siegena (A894 EB)",386,2.898559093584042,.1692705400230886,20.21687231654844,166.6311508463218,220.9165084416447,224.6610810982537,60200
"   387 Aquitania (A894 EC)",387,2.742524498451009,.2356462409385535,18.10658365901745,128.1436637331558,157.6675950142495,88.28033592969535,60200
"   388 Charybdis (A894 ED)",388,3.00256824293694,.06558663273382835,6.450720564510598,354.1871454415836,329.3301768256675,146.6717374086495,60200
"   389 Industria (A894 EE)",389,2.609502705421489,.0658791997245627,8.118789386572464,282.0396350092292,267.1272027964078,235.1656352874647,60200
"   390 Alma (A894 FA)",390,2.650921581815389,.1314586749971393,12.14017388987141,305.1046748192547,192.0786024645587,8.421344932259258,60200
"   391 Ingeborg (A894 VB)",391,2.320609739731707,.3054817111010172,23.20672221060868,212.8409297955829,147.0484985238573,185.7991231982061,60200
"   392 Wilhelmina (A894 VD)",392,2.884686274983165,.138811782679655,14.31977136562755,209.6524851055264,173.6458373058154,125.8701486762939,60200
"   393 Lampetia (A894 VC)",393,2.779447931709549,.3299268880175462,14.87733995721009,212.3934805329094,90.8802606255138,6.112770567610593,60200
"   394 Arduina (A894 WB)",394,2.762374947363914,.2281751085784236,6.222680773617521,66.85483353066547,271.1269267199425,68.7620704663473,60200
"   395 Delia (A894 WC)",395,2.784043992932912,.08409141121689384,3.354399669851417,259.2509838392461,11.32306295826253,44.60138067629074,60200
"   396 Aeolia (A894 XA)",396,2.741990742076756,.1595275536593163,2.549049087976526,249.8708069131761,21.32559957355382,287.0405865322289,60200
"   397 Vienna (A894 YA)",397,2.633541076252503,.2480641268655122,12.87042682591348,227.882159483048,139.9257065165153,81.73562521923344,60200
"   398 Admete (A894 YB)",398,2.738012991360646,.22410308028663,9.554374155030978,279.7900478802766,160.5778274101297,157.6889457336407,60200
"   399 Persephone (A895 DD)",399,3.051888593630191,.07658998227954641,13.11343457171004,346.1977834557146,192.5709036864417,17.48187315755439,60200
"   400 Ducrosa (A895 EC)",400,3.128108162699642,.1155942396521161,10.5243911321495,327.0163809030947,237.088449096415,39.00630092448821,60200
"   401 Ottilia (A895 FA)",401,3.347323426207821,.03119941959884935,5.962760416340956,36.04175766766414,301.6518605035756,224.4301753991106,60200
"   402 Chloe (A895 FB)",402,2.557932060846047,.1123543271164525,11.83354838543382,129.331555696504,17.09283240848745,169.9719466818021,60200
"   403 Cyane (A895 KA)",403,2.808459856015457,.09822355853789032,9.159620357697417,244.3442438933856,254.1883730102101,175.7501993178231,60200
"   404 Arsinoe (A895 MA)",404,2.591694672353895,.2012438386556408,14.09813798935238,92.47423524139869,120.6436907854153,294.8252336333782,60200
"   405 Thia (A895 OB)",405,2.58520875782251,.2434072540056698,11.93748710097939,255.1938324299132,308.6267860477894,24.25117834135136,60200
"   406 Erna (A895 QA)",406,2.918505396121546,.1781411780980846,4.190934696799133,315.4556604102994,37.81906271699381,243.4952460757797,60200
"   407 Arachne (A895 TB)",407,2.625561950404451,.07095995660388427,7.518139079883199,294.4679402704694,81.46836714114428,38.26477153220204,60200
"   408 Fama (A917 RB)",408,3.163902313531994,.1461845092672132,9.087534496739277,297.0934539244357,108.7094921863328,243.7664566394575,60200
"   409 Aspasia (A895 XC)",409,2.578155380948687,.07191438409125513,11.27715421023223,242.0572030457337,354.9073184997289,159.0460664669969,60200
"   410 Chloris (A896 AC)",410,2.725004098736258,.2409706338844742,10.96271039570699,96.9183132872122,172.7782165037862,336.0228841040113,60200
"   411 Xanthe (A896 AD)",411,2.935214050074233,.1147035234906014,15.34924498440461,107.3612978196214,181.3723460118583,320.1822053018228,60200
"   412 Elisabetha (A896 AB)",412,2.766323610948525,.04071959920348207,13.76143850682,106.3048751599198,94.1019117819657,196.7433786787503,60200
"   413 Edburga (A896 AA)",413,2.584259007526998,.3417669722403284,18.7270381864247,103.6816654221374,252.9781939608281,339.7500854191549,60200
"   414 Liriope (A896 BB)",414,3.504554326233846,.07398237036863527,9.558654822628281,110.5414169344351,318.4394820173887,211.1994522651748,60200
"   415 Palatia (A896 CA)",415,2.792135478808166,.3004737830039059,8.218340342617351,126.3142773447038,299.1259378435983,181.5942208663533,60200
"   416 Vaticana (A896 JA)",416,2.79428646472132,.2175691522840788,12.86280644902774,58.03826955932739,198.6300728874333,96.83553013465516,60200
"   417 Suevia (A896 JB)",417,2.798805832882359,.1353661382609749,6.6478637066765,199.4863675702626,348.3744070820783,92.11845915730602,60200
"   418 Alemannia (A896 RD)",418,2.592757192326618,.1188433985432626,6.815476790382057,248.72325153,125.9809065354383,127.2805563291298,60200
"   419 Aurelia (A896 RF)",419,2.594682634666838,.2521175904411534,3.931573313909894,229.0333481613885,44.4006501019739,190.1257473780191,60200
"   420 Bertholda (A896 RC)",420,3.426873151807422,.02636147432351455,6.695658545685873,242.4247554064303,229.2129278732319,272.9481454096507,60200
"   421 Zahringia (A896 RE)",421,2.541565092791114,.2829066041294983,7.788524195781169,187.3522246858718,209.0119293447658,113.1824052924839,60200
"   422 Berolina (A896 TA)",422,2.227903853610974,.2146840472191293,4.994775093146539,9.027578915494507,335.3563593657897,79.8480159069657,60200
"   423 Diotima (A896 XA)",423,3.06804503017036,.03455842574871878,11.24252541044877,69.35029562318195,199.5758539923474,354.7488849327385,60200
"   424 Gratia (A896 YD)",424,2.773804236478522,.1093512272131815,8.222087404018218,99.12862532539719,333.8802252273526,182.619931279411,60200
"   425 Cornelia (A896 YC)",425,2.891371219798753,.05691060722644943,4.051416799761212,60.92552479937348,124.9748303937888,224.282071810775,60200
"   426 Hippo (A897 RA)",426,2.888697819447222,.1059916854429415,19.49589540655306,311.3158730826846,221.5836159195913,50.49678183979043,60200
"   427 Galene (A897 RB)",427,2.972529818623541,.1190587928249817,5.125581167473226,297.3635334255401,11.24985646351727,231.531535556774,60200
"   428 Monachia (A897 WA)",428,2.30795682931084,.1785682820960602,6.191516008161557,17.53743878093043,15.89506820557806,338.0212617209857,60200
"   429 Lotis (A897 WB)",429,2.607074119484915,.1241722896269257,9.544863699802395,219.9199005778466,169.154851345212,336.597344365054,60200
"   430 Hybris (A897 YA)",430,2.850248281938779,.2504241892985117,14.54429880599926,249.1961921747417,179.3850402500965,86.26216794323267,60200
"   431 Nephele (A897 YB)",431,3.13771955437028,.1705311219825688,1.827943131225675,117.1822398343567,217.4347221438063,329.8173340575452,60200
"   432 Pythia (A897 YC)",432,2.369263172281237,.1458056825460348,12.11780316103954,88.72780359534057,173.7886307054275,347.3811412873504,60200
"   433 Eros (A898 PA)",433,1.458117412303767,.2227966940876033,10.82792727465937,304.2859920775314,178.9077640079513,222.7628947251168,60200
"   434 Hungaria (A898 RB)",434,1.944657128661541,.07364994831586455,22.50868399757669,175.2950136747941,124.2192101131218,85.95897724740917,60200
"   435 Ella (A898 RA)",435,2.450345909234596,.1547938698938689,1.816172403327725,23.14203330124442,333.4056029922187,214.15030397252,60200
"   436 Patricia (A898 RC)",436,3.198793558451704,.07000742719934684,18.50813272626251,351.2983485615451,41.42738757409874,269.2855543169374,60200
"   437 Rhodia (A898 OA)",437,2.386006592978573,.2483346622541264,7.343897702846976,263.1761080735116,62.04522876278519,330.6066371663206,60200
"   438 Zeuxo (A898 VG)",438,2.554288651036889,.06776918193933529,7.367597953071483,49.08687454575061,210.23022084,352.4444679221031,60200
"   439 Ohio (A898 TA)",439,3.133716938699525,.06682040070232595,19.1307093883164,201.4372393063823,244.657022192674,134.3511074599966,60200
"   440 Theodora (A898 TB)",440,2.210936135688505,.107665391123301,1.596419449778834,291.9897236147311,179.0088701838666,284.6472904991432,60200
"   441 Bathilde (A898 XA)",441,2.805839211975267,.08170566012311556,8.159627753659409,253.4996439116629,202.8259934267191,171.9601594189366,60200
"   442 Eichsfeldia (A899 CA)",442,2.346970998962868,.06992004195194926,6.066049275785931,134.8345099844614,85.53673101697228,178.9129851835872,60200
"   443 Photographica (A899 DA)",443,2.215789715200498,.03961981059244486,4.235121508007783,175.3962418955032,349.8162432792192,265.6694359641162,60200
"   444 Gyptis (A899 FA)",444,2.771711648783987,.1739413016717921,10.27404595712279,195.604514672627,154.724577625165,208.016389399025,60200
"   445 Edna (A899 TC)",445,3.195900273881264,.1978752770049949,21.31172401464153,291.9706639621523,81.84901187565562,277.7472772093346,60200
"   446 Aeternitas (A899 UB)",446,2.788361423649215,.1251208907686342,10.61619344769116,42.01948402517036,279.1816689900155,274.4232731131817,60200
"   447 Valentine (A899 UD)",447,2.989791375981866,.0463445856813879,4.795632987321387,71.75674388984085,319.2590908164399,358.5558810674923,60200
"   448 Natalie (A899 UC)",448,3.131845247513109,.1875633080262542,12.73226541568236,37.18173532105768,293.3299130927049,131.0276606472212,60200
"   449 Hamburga (A899 UE)",449,2.550911939354139,.173141227675275,3.079131869338939,85.76819982766222,48.7412421660997,39.28067549570034,60200
"   450 Brigitta (A899 VB)",450,3.017431857628742,.09783160328398294,10.13254835876398,14.35026086086593,359.396162985604,251.1313781073623,60200
"   451 Patientia (A899 XA)",451,3.061860416657749,.07006599949108822,15.20706490087113,89.00172852632417,336.6174320950124,37.97683715203783,60200
"   452 Hamiltonia (A899 XB)",452,2.846119000778359,.01378803271743435,3.224711686635121,92.46012117508106,58.92525321325022,193.8271777367071,60200
"   453 Tea (A900 DD)",453,2.183065092147037,.1092285877328448,5.551422439993163,11.67037572813936,220.2658676620753,33.28504183525715,60200
"   454 Mathesis (A900 FB)",454,2.627556465824551,.1115416712838937,6.292781637445962,32.16947736224201,177.2130604325012,339.8249424143783,60200
"   455 Bruchsalia (A900 KC)",455,2.65460363136781,.2950687379016091,12.01824488394935,76.07167320597742,273.4118654276574,91.97364790777905,60200
"   456 Abnoba (A900 LA)",456,2.78636341623186,.1820277122271504,14.4920313387083,228.9998743449507,7.595842902356083,190.9011463618291,60200
"   457 Alleghenia (A900 RA)",457,3.096880853133628,.1712647261573883,12.97342121911804,249.39803141897,130.9861624234474,211.7218935918273,60200
"   458 Hercynia (A900 SD)",458,2.992135112532452,.2430883333524583,12.65516559969066,134.1109375948004,277.2247576673434,236.651893228938,60200
"   459 Signe (A900 UH)",459,2.620147629095969,.2117241181220794,10.30191041449398,29.46856472330885,19.3930500337894,334.2792816336894,60200
"   460 Scania (A900 UF)",460,2.718077719536944,.1042016596027683,4.63696436349728,205.0694543434343,161.7773061251554,170.4938357740965,60200
"   461 Saskia (A900 UG)",461,3.117636817877789,.1454254382934529,1.471954494062923,156.5212497823079,308.6512706147931,66.01624053173548,60200
"   462 Eriphyla (A900 UJ)",462,2.87166877673473,.08761607361667342,3.190860893396025,105.2089696383062,249.3414373641855,109.0994942801369,60200
"   463 Lola (A900 UK)",463,2.398266872066166,.2201244577606487,13.54205393443369,36.49070326210413,329.5663425247818,44.69474560160666,60200
"   464 Megaira (A901 AB)",464,2.802110173360287,.204561659536861,10.16233832397656,102.3360737628993,257.9709772486381,145.8370556011797,60200
"   465 Alekto (A901 AC)",465,3.095882048795874,.2047082756677835,4.644627553916263,300.5212387530203,284.4398159640935,118.5259605584393,60200
"   466 Tisiphone (A901 BB)",466,3.355001715232479,.09656142260025677,19.00015890261119,290.2462833170308,254.9568828658852,250.5198247823146,60200
"   467 Laura (A901 AA)",467,2.945884293098998,.1067036928078005,6.447183340473868,322.1063022563915,94.28415333078466,149.3218294776655,60200
"   468 Lina (A901 BC)",468,3.133626022724352,.1958166894835669,.4362532947688427,21.52032592863391,332.2859483523553,131.5203338959828,60200
"   469 Argentina (A901 DC)",469,3.185179115194407,.1609865053044777,11.44859080217965,332.8228073433036,214.7102262815657,238.7268213643466,60200
"   470 Kilia (A901 HC)",470,2.403930443083243,.09577514868770384,7.233715444677943,173.1993036667382,47.6690666387708,285.802199221767,60200
"   471 Papagena (A901 LA)",471,2.890160944703156,.2290506004534187,15.01673841361739,83.77348826070147,315.7353029825401,206.2824981593464,60200
"   472 Roma (A901 NA)",472,2.543031492976884,.09552436646432094,15.81013997270916,127.0514318958605,296.429978521878,284.8500742056285,60200
"   473 Nolli (A901 CB)",473,2.662103562175223,.107937647783649,12.93484565845218,332.0730141057131,153.6357716410689,97.96920578101849,60200
"   474 Prudentia (A901 CC)",474,2.452222501233147,.2107005148276913,8.797797122240915,161.7958142132146,155.9503631184187,163.7964193893302,60200
"   475 Ocllo (A901 PA)",475,2.593105178688252,.3794653821055375,18.95356767788775,34.39891903363096,305.9244033321992,66.75169693409691,60200
"   476 Hedwig (A901 QB)",476,2.649359369954985,.07464637479223162,10.92387602962976,286.1847400186537,.960678182071769,150.5881053576973,60200
"   477 Italia (A901 QC)",477,2.41547369280444,.1877992987038682,5.289350366107858,10.64455321353431,322.5055746312991,186.7401671692857,60200
"   478 Tergeste (A901 SC)",478,3.016437801200907,.0803803105842479,13.17689816007244,233.4449448498945,243.4471869598754,1.620958523033514,60200
"   479 Caprera (A901 VK)",479,2.720315718308231,.2181503762764657,8.67898376605406,136.000102695788,269.2923150825727,53.15822693334912,60200
"   480 Hansa (A901 KB)",480,2.645514730722098,.04537852076759872,21.32213739080439,237.1091429031338,211.8941143635248,323.9132697418528,60200
"   481 Emita (A902 CB)",481,2.741664509331646,.1581810191282669,9.847407970955452,66.69286299893945,349.011593952484,346.8872298364026,60200
"   482 Petrina (A902 EH)",482,2.998356776727251,.09641725243157748,14.47344144628863,179.3706758069519,87.93776303822233,59.26552078638061,60200
"   483 Seppina (A902 EJ)",483,3.426634236977156,.05084192365572329,18.75197960769233,173.9084471702624,163.4731394504699,250.7721900137556,60200
"   484 Pittsburghia (A902 HA)",484,2.667604145579013,.05733732344739731,12.51277725505875,127.2436625374376,189.5693397264171,214.8218723855886,60200
"   485 Genua (A902 JC)",485,2.752060780808964,.1899183785570012,13.86935330020973,193.3908510488126,271.8174071264528,320.9118946317483,60200
"   486 Cremona (A902 JD)",486,2.351579124767408,.1632438755262793,11.09475552832055,94.06778760339488,125.2415901109837,241.2024084547193,60200
"   487 Venetia (A902 NC)",487,2.670633091941942,.08623861141496786,10.25125172221593,114.7591889505757,281.4805065157987,189.5060838203357,60200
"   488 Kreusa (A902 MC)",488,3.168344256560665,.1582888473736167,11.47311777353574,82.98152884691186,76.89470908368969,286.2386314042026,60200
"   489 Comacina (A902 RD)",489,3.152666752126477,.04828795326020515,12.99215249891925,166.6980445615634,8.569798673207465,23.99714888951005,60200
"   490 Veritas (A902 RE)",490,3.172840903343395,.08935332269590562,9.293890175908363,178.0388369540022,193.5357077230455,125.5691201695121,60200
"   491 Carina (A902 RG)",491,3.191940063248963,.08390189803949241,18.86936103160074,175.3266263495665,230.2609981764027,28.00186800163742,60200
"   492 Gismonda (A902 RF)",492,3.112904156729765,.1796839667014513,1.618486875925849,46.18987104837358,296.936429810989,13.7961255845177,60200
"   493 Griseldis (A902 RH)",493,3.114269624430026,.1771346810322237,15.18002470460773,357.337936493526,46.88397917319055,299.3261261180784,60200
"   494 Virtus (A902 TF)",494,2.985605265897529,.06427200461585263,7.078756922783272,38.07228258984987,215.2055262140592,283.1021716389461,60200
"   495 Eulalia (A902 UL)",495,2.486640400108346,.1293633363851878,2.279223068469067,186.4000719635414,207.9719977163353,297.6436962059533,60200
"   496 Gryphia (A902 UM)",496,2.198971043444288,.07870049903993612,3.79379340664464,207.5592342586984,258.4286435458786,333.3291657722762,60200
"   497 Iva (A902 VB)",497,2.849557694913274,.3013414028498372,4.821472465919204,6.301920929592662,3.376938788484216,54.85265161919516,60200
"   498 Tokio (A902 XA)",498,2.65192520366459,.223848297382938,9.498183009159133,97.15870602268495,241.899665370982,51.31231312845708,60200
"   499 Venusia (A902 YE)",499,4.013580404695793,.2174201533737991,2.09183165414514,256.1873928056285,174.9860900183835,108.6054722225851,60200
"   500 Selinur (A903 BJ)",500,2.612794400142177,.1441386817874095,9.780510158724047,289.7995547191896,75.14719896843209,289.1434074215186,60200
"   501 Urhixidur (A903 BK)",501,3.161720694951056,.1417167420830582,20.83906224388564,357.2244240305464,356.5546571130952,294.8490338017048,60200
"   502 Sigune (A903 BM)",502,2.38379686649457,.1786573564360229,25.01525396837395,132.9222602721643,18.94555043642169,248.6803398281334,60200
"   503 Evelyn (A903 BL)",503,2.726737260964813,.1739032074453946,5.010900050026835,68.80027406487316,41.30119271630394,309.2784211243376,60200
"   504 Cora (A902 NB)",504,2.721898856661642,.2154178187351566,12.89776912716053,104.4461755771455,248.5225859370269,312.8590061499216,60200
"   505 Cava (A902 QA)",505,2.686718933233907,.2426486922897235,9.821328323850622,90.76930607617325,337.0340192166726,82.19072009927582,60200
"   506 Marion (A903 DB)",506,3.044909696537446,.1459674111939956,16.97760233075749,312.864220733175,145.0477324900101,302.7867924823186,60200
"   507 Laodica (A903 DC)",507,3.151163560181702,.10187891008476,9.50067457101081,293.4032697009638,100.6750800544137,286.9030697484541,60200
"   508 Princetonia (A903 HC)",508,3.162978887051542,.007523241179855387,13.33867283122361,44.18458217336508,215.0206901468659,101.0527323342941,60200
"   509 Iolanda (A903 HD)",509,3.066082729561086,.09779402484951986,15.41803267535422,217.5013283721047,156.9885756884406,8.839618297517251,60200
"   510 Mabella (A903 KA)",510,2.608755514648234,.1916960645441052,9.543677215604012,202.6677075319886,90.83335076024383,157.7215680628991,60200
"   511 Davida (A903 KB)",511,3.161281963217593,.1889719598594157,15.94368791324613,107.5819960744387,337.1014436497179,254.6738172358878,60200
"   512 Taurinensis (A903 MC)",512,2.1892530218415,.2540954092351039,8.747442574183022,107.0080704401337,249.377942625585,340.1908356455234,60200
"   513 Centesima (A916 BC)",513,3.011750261778463,.08533128385110857,9.735240220332784,184.4276121945682,225.9052181816485,277.1526247247538,60200
"   514 Armida (A903 QC)",514,3.04779107135223,.03725277603961396,3.880001939987877,268.5123964915099,111.824464807917,169.7192589736762,60200
"   515 Athalia (A903 SH)",515,3.119942862378427,.1768790671347415,2.038682213623185,121.0821555511991,300.3019705335755,211.8484278755598,60200
"   516 Amherstia (A903 SG)",516,2.677113436161146,.275203456736317,12.9540245218736,328.7218761999999,258.0912520483649,249.962441563896,60200
"   517 Edith (A903 SK)",517,3.156157976542345,.1797255663427679,3.227249899534253,273.7829001367339,143.7347179099999,137.3900897568255,60200
"   518 Halawe (A915 TP)",518,2.533156099942754,.2276557141371403,6.727482245788318,203.8958768390468,117.4849951207506,297.1680810625861,60200
"   519 Sylvania (A903 UJ)",519,2.791065867158339,.1830463046944239,11.0125775156689,44.68331042768417,302.9218835062136,292.8280526697495,60200
"   520 Franziska (A903 UK)",520,3.008183471390826,.1105471214526062,10.96288085624038,34.25218691310788,19.97228679731543,349.5729769223736,60200
"   521 Brixia (A904 AE)",521,2.744250438279074,.2785345287401092,10.58226893653537,89.58817976581032,316.1454894886774,153.0452893464303,60200
"   522 Helga (A904 AF)",522,3.628443565746816,.08657941796276224,4.418797212187016,116.5501794224184,249.1072785103917,208.6914336058624,60200
"   523 Ada (A904 BA)",523,2.965749558501469,.1795796852227515,4.314176014506232,260.5889663943302,189.8795975432812,172.5531185880464,60200
"   524 Fidelio (A904 ED)",524,2.635123781183054,.1269463643529105,8.222874228124306,326.6574431679902,79.21806885964212,75.42805968085072,60200
"   525 Adelaide (A908 UJ)",525,2.245010708910923,.1017173330053376,5.998763321753846,203.3603308598131,264.0913617219207,353.5132639306656,60200
"   526 Jena (A904 EE)",526,3.136040904461338,.1265081111294452,2.171610667004058,137.6312947596874,357.4970319051174,278.5982335500038,60200
"   527 Euryanthe (A904 FC)",527,2.725039825318576,.1518512096219897,9.659064419867802,120.4199320909598,203.7780634840423,94.39421744791538,60200
"   528 Rezia (A904 FA)",528,3.398147844210294,.02204450852948532,12.70539912028582,49.50739454049694,352.2381041151676,172.3956221537733,60200
"   529 Preziosa (A904 FB)",529,3.015955804266989,.09310313620242951,11.01806541289186,64.98673278394652,332.0360752755792,69.63725026034197,60200
"   530 Turandot (A904 GB)",530,3.189217123408246,.2174990641661926,8.563231084840199,129.1108225899391,199.5704554218885,183.1657145270943,60200
"   531 Zerlina (A904 GC)",531,2.782317396200898,.1991103605954121,34.03255393436169,197.6703978213998,57.67171594539647,210.5905546321224,60200
"   532 Herculina (A904 HE)",532,2.769508760942068,.1796174879000607,16.29826145028257,107.4199830628106,76.72645070881597,325.4398453909162,60200
"   533 Sara (A904 HC)",533,2.978878296436545,.0440229818190832,6.556615787045348,180.2950708270604,31.90851207479756,72.22742907212115,60200
"   534 Nassovia (A904 HD)",534,2.882361236049181,.05968862503939099,3.275347531754829,94.07983972584987,338.1754353498081,267.5316768119332,60200
"   535 Montague (A904 JE)",535,2.56959883209629,.02575161798512007,6.772857047983059,84.75610878537114,67.90240983870304,64.00075274404756,60200
"   536 Merapi (A904 JF)",536,3.494382202641966,.08759661967187209,19.43297028468796,59.19899115376462,296.1331835477549,333.7707419179909,60200
"   537 Pauly (A904 NB)",537,3.076400683886879,.229900064077618,9.871149590701087,120.1238142241893,187.8157227394772,51.57583302608194,60200
"   538 Friederike (A904 OA)",538,3.1602599271599,.1720035041184028,6.518704058427651,141.137728009711,227.4024854490278,12.25480626626141,60200
"   539 Pamina (A904 PD)",539,2.736910901271309,.2139664465390604,6.79982175354314,274.2126799558563,97.19254038569407,62.47658103028477,60200
"   540 Rosamunde (A904 PE)",540,2.218420824993631,.09030324157940532,5.583188596530007,202.1054672023814,337.4129322684563,140.8068320466272,60200
"   541 Deborah (A904 PF)",541,2.818813919474899,.05100218629692929,6.005946580956985,267.4214282126667,1.600841166709924,126.3772558729357,60200
"   542 Susanna (A904 QA)",542,2.905590726082537,.1428326146060974,12.07538508026015,152.9448337965411,216.8787506718781,354.0257056019087,60200
"   543 Charlotte (A904 RG)",543,3.059659730228075,.1514262963512215,8.461118612450599,294.8264813382665,108.3444484770343,51.36661330273446,60200
"   544 Jetta (A904 RH)",544,2.591939294679901,.1527550724279109,8.368480756437322,298.2910373769697,342.9757487131008,260.0692848658177,60200
"   545 Messalina (A904 TC)",545,3.200406180401471,.170008572905044,11.20500415639029,333.5937687197336,331.3882668167493,31.96374693981819,60200
"   546 Herodias (A904 TD)",546,2.59724628054042,.1156643031878058,14.86945893529014,21.5867187239854,110.2707597087339,39.96227992441712,60200
"   547 Praxedis (A904 TE)",547,2.773480986736291,.2358119627791495,16.86350756584035,193.0559574826183,196.6214735677778,269.6936599838206,60200
"   548 Kressida (A904 TF)",548,2.282643328672557,.1842563062580553,3.871060814172794,108.398573512862,320.3461061643724,151.4265295561698,60200
"   549 Jessonda (A904 WA)",549,2.685807718191937,.2564220162713581,3.954140804542529,291.27865167,157.7430284617986,352.7179333473585,60200
"   550 Senta (A904 WB)",550,2.589238135135806,.2223968863371543,10.10551573915457,270.665247398737,45.1817357368237,273.021805722012,60200
"   551 Ortrud (A904 WC)",551,2.968274245561789,.1187897642829009,.3945952448582527,5.719564790767198,70.68026405217441,85.11461915008474,60200
"   552 Sigelinde (A904 XB)",552,3.148715709582904,.0897354505501273,7.692484848887809,266.8635810973231,346.0793091175634,255.8710777489226,60200
"   553 Kundry (A904 YA)",553,2.23047037091221,.1099165837742354,5.386769354781613,72.3369343503044,354.9867318591715,239.5601875282686,60200
"   554 Peraga (A905 AE)",554,2.375110016578501,.15225575646319,2.934768593967759,295.3612512591128,127.7940166810322,195.3377854024214,60200
"   555 Norma (A905 AF)",555,3.177728428194429,.1549903761134091,2.668358616919141,130.1885023116406,1.062196604419408,359.7860856720125,60200
"   556 Phyllis (A905 AD)",556,2.463631337344847,.10456856058515,5.246593350071953,286.0234725774654,177.6292361906794,243.3302039200318,60200
"   557 Violetta (A905 BD)",557,2.442650098561865,.09849697991589637,2.483925391039483,292.6590469317099,196.336157454205,29.93902867748018,60200
"   558 Carmen (A905 CK)",558,2.906697964299009,.03828268184831443,8.37475905290748,143.6441686705091,314.4298248870098,10.74617762911493,60200
"   559 Nanon (A905 EB)",559,2.714750724200217,.06500284883137193,9.296825770843695,111.9726830127154,130.5092742922812,141.2860111615987,60200
"   560 Delila (A905 EC)",560,2.751866523659775,.1575177464079708,8.445918760113274,105.1683175836336,5.286856321329267,27.36223560301372,60200
"   561 Ingwelde (A905 FC)",561,3.170695120745489,.1227336331356383,1.549313089087718,159.1402378051782,318.3444143040896,57.24104187327393,60200
"   562 Salome (A905 GC)",562,3.018101107568217,.1034928723833135,11.11697392599944,70.45213161968135,262.6013168984598,83.59832316467742,60200
"   563 Suleika (A905 GD)",563,2.712024134638462,.2368329708400554,10.24465366252309,85.16439613523619,336.7160584176143,318.3768045076887,60200
"   564 Dudu (A905 JD)",564,2.747862078635085,.2763905487127601,17.98301061085849,70.73625665693514,214.9106013457728,309.8430947245749,60200
"   565 Marbachia (A905 JE)",565,2.442905031783892,.1313930725196178,10.99396016226683,225.6613488685348,292.2805620355831,63.36449961416285,60200
"   566 Stereoskopia (A905 KA)",566,3.378197947180061,.1204926462425249,4.894302394814703,79.51776285655876,299.9973507887654,228.5431161185653,60200
"   567 Eleutheria (A905 KB)",567,3.135046367751915,.08854193206171473,9.255838281718974,58.23262234240371,133.9268596005131,162.5447573671572,60200
"   568 Cheruskia (A905 OD)",568,2.883121792998911,.1689642570829016,18.39829393230428,249.7392633287374,173.6275518349831,328.8785851435221,60200
"   569 Misa (A905 OE)",569,2.658260421032689,.1790385099945159,1.28778784365363,301.4926550312617,142.4083909940826,3.940285503950739,60200
"   570 Kythera (A905 OF)",570,3.422439232778227,.1187395120283573,1.816823489393203,223.2891261288136,162.058518340182,163.766076514327,60200
"   571 Dulcinea (A905 RA)",571,2.410498365355728,.2430213363740345,5.228005606516303,3.136519813707864,27.50976673643871,170.4240759357804,60200
"   572 Rebekka (A905 SF)",572,2.400862439151681,.1566237945196767,10.57667494467136,194.4627968610567,192.251272524324,241.6160970242279,60200
"   573 Recha (A905 SG)",573,3.015991469930785,.1098900018365315,9.828120069000374,342.6585027510168,30.01665605390403,184.2632302954734,60200
"   574 Reginhild (A905 SH)",574,2.252234423373902,.23914965613227,5.685049644956217,336.6364545816597,77.1599246373392,287.2981230009232,60200
"   575 Renate (A905 SJ)",575,2.554551911740973,.1266834282749437,15.00383471440902,349.5944196666195,334.142034247661,347.8417148268724,60200
"   576 Emanuela (A905 SK)",576,2.988587230606652,.1917570211900961,10.2022204067702,299.5760945318657,27.42040219685083,323.1510760244022,60200
"   577 Rhea (A905 UR)",577,3.111571044314327,.1540750687648671,5.300205779091248,328.496532411412,329.8343905222611,213.3002508774376,60200
"   578 Happelia (A905 VJ)",578,2.750921251490681,.1919542293865612,6.149492609746812,29.36999413853538,261.6004262115739,41.85493151857395,60200
"   579 Sidonia (A905 VK)",579,3.013758586749113,.0768803803820535,11.01621668508665,82.62321704179935,229.046801069398,290.7865079767849,60200
"   580 Selene (A905 YB)",580,3.229678579516763,.08772770892636289,3.670482594241415,98.90001815640052,338.9085388668552,122.2251366878155,60200
"   581 Tauntonia (A905 YC)",581,3.213057703354074,.03467807630182769,21.89328067313917,102.4283687934178,24.78597677235716,113.5539853048335,60200
"   582 Olympia (A906 BM)",582,2.612291826461451,.2203307130863997,30.00444248693144,155.6736066532832,310.0889270879604,335.3502804989097,60200
"   583 Klotilde (A905 YD)",583,3.170639885616534,.1598162630236754,8.244911554066119,257.8397259393234,251.8548162271283,182.9230596351701,60200
"   584 Semiramis (A906 AC)",584,2.373746855953085,.2335634341720625,10.71901247034233,282.0072570477578,85.33566955807234,146.9727606274272,60200
"   585 Bilkis (A906 DF)",585,2.430499407534141,.1286405064957304,7.581451017767587,180.1860271224993,330.1454647757858,15.39775392256067,60200
"   586 Thekla (A906 DK)",586,3.041643596519531,.06482679883754058,1.627633067795688,228.3035111827389,253.2456031731686,79.01318599853558,60200
"   587 Hypsipyle (A906 DM)",587,2.335472920747746,.1660614458961474,24.96287334914522,324.5112992793839,189.1409192406215,332.7917831891207,60200
"   588 Achilles (A906 DN)",588,5.210216063798623,.1483611427934068,10.31949696371138,316.5373850159024,133.7743620432877,10.93638147378259,60200
"   589 Croatia (A906 EC)",589,3.135768501963985,.04032675105123187,10.7966383364096,177.4435240929607,228.6499412142545,187.7124782684442,60200
"   590 Tomyris (A906 ED)",590,3.002219376918474,.08006839301585496,11.16726929639822,106.0763427711678,337.5296575329106,302.3585408982083,60200
"   591 Irmgard (A906 EE)",591,2.677736606877402,.2095310205482189,12.45030634385402,334.091372938507,218.7343771416386,265.578723222295,60200
"   592 Bathseba (A916 BB)",592,3.021360555131526,.1345433925496259,10.17583361572473,167.8066011231367,257.519616080175,219.4071071967478,60200
"   593 Titania (A906 FK)",593,2.697275040089841,.2174083054875735,16.90561866102598,75.93836642351135,30.81141182468786,224.8609977308091,60200
"   594 Mireille (A906 FM)",594,2.628290284064319,.3546270197277727,32.52339263993911,154.9576567634586,77.01502561399441,179.6607720677651,60200
"   595 Polyxena (A906 FL)",595,3.215713558186247,.06656827610454956,17.82630536758803,23.86625188228896,281.2353694024904,78.94353599312524,60200
"   596 Scheila (A906 DL)",596,2.929108471017811,.1622610999908743,14.65915010603613,70.57068604600018,175.7273411082397,93.35050020928442,60200
"   597 Bandusia (A906 HE)",597,2.672423107087624,.1439578609427578,12.79958221214731,36.45553630970207,307.2261849368582,204.6757524824635,60200
"   598 Octavia (A906 GC)",598,2.760877418340893,.2514777180470892,12.23016714075576,91.49098876607336,292.0963729528668,2.262025936678049,60200
"   599 Luisa (A906 HF)",599,2.771697177858632,.2930596102995606,16.71761212579376,44.13940936692738,294.257090855414,67.04505386073954,60200
"   600 Musa (A906 LA)",600,2.659594752919091,.0549459174246646,10.20345361746559,139.2094206492504,112.9478682955348,19.99232616221171,60200
"   601 Nerthus (A906 MC)",601,3.132474784829344,.1044333318958262,16.14928604428796,169.5435110671039,160.7846905371154,6.271770036008646,60200
"   602 Marianna (A906 DJ)",602,3.082705028254769,.2516674488781538,15.11032086432331,331.4733061542399,45.85087254939161,349.1071306592103,60200
"   603 Timandra (A906 DG)",603,2.538187721936337,.1732033916670507,8.026578180659444,343.3713041515754,161.1228076618341,359.0540370676193,60200
"   604 Tekmessa (A906 DH)",604,3.153580858424132,.19254128663702,4.418316139181853,11.82552938360395,28.7000876229422,89.97280343969342,60200
"   605 Juvisia (A906 QJ)",605,3.002834353429879,.1363779030032826,19.63319393098027,342.6445741259395,15.42522372693793,225.3637903712402,60200
"   606 Brangane (A906 SK)",606,2.586850489928852,.2213872739838342,8.597923453569448,318.4339473780547,58.27867717540619,30.46389242401358,60200
"   607 Jenny (A906 SH)",607,2.850893020430831,.0771843664927384,10.09218257984765,284.9873642354117,292.4094169159865,246.1086732240288,60200
"   608 Adolfine (A916 OH)",608,3.020876267367561,.1243011669296136,9.369402778329396,293.7311558478814,69.87060025399316,88.94189716466217,60200
"   609 Fulvia (A906 SL)",609,3.087435250844975,.0386705385696253,4.187141428511814,165.1751210363482,108.4633187695842,292.1955073197345,60200
"   610 Valeska (A906 SN)",610,3.095783279581644,.2520089668905878,12.60084077274872,20.06755441250445,1.694383600773155,206.40190214704,60200
"   611 Valeria (A906 SM)",611,2.976738382676802,.1237824792612534,13.44737438385216,189.3867414766344,256.5006421753084,210.7384063687432,60200
"   612 Veronika (A906 TC)",612,3.151795612769913,.2591237724300434,20.95874890406106,202.8588103826351,122.6368638360699,359.7777623083289,60200
"   613 Ginevra (A906 TD)",613,2.921185754020388,.056429691709948,7.669798462633415,354.519733990121,66.23258532963492,124.3106188691102,60200
"   614 Pia (A906 TE)",614,2.694809088874168,.1084639265165751,7.020113587861394,217.051169453577,210.0627063470112,125.5125981631517,60200
"   615 Roswitha (A906 TF)",615,2.631145348458118,.1106142040527992,2.762967428111859,13.39739936452874,246.7339315673041,258.6244423899976,60200
"   616 Elly (A906 UK)",616,2.552809962824507,.06035263444915145,14.95810925441147,355.9766067663949,109.1350075250636,165.1435819047928,60200
"   617 Patroclus (A906 UL)",617,5.208100969605079,.1398819735601717,22.06233632919391,44.35907046716225,308.4055176413578,336.0110388870564,60200
"   618 Elfriede (A906 UM)",618,3.192265009291893,.06906444996147894,17.05184866075393,110.8251063800346,230.0658346506503,229.7199898269719,60200
"   619 Triberga (A906 UN)",619,2.519306643435935,.07508855614653541,13.80816303714881,187.4450117494556,177.340410693434,110.426730890921,60200
"   620 Drakonia (A906 UO)",620,2.435487233917871,.1342344673862408,7.73635209699917,359.9336068139057,336.532088816686,322.2916356273589,60200
"   621 Werdandi (A906 VM)",621,3.12464965809018,.1363930795175386,2.297833162205836,66.64328229510313,36.77506872204145,38.10331673555617,60200
"   622 Esther (A906 VN)",622,2.413789932976762,.2435033998916527,8.636502791723975,141.9006717691688,256.9120037602072,56.52019581224332,60200
"   623 Chimaera (A907 BC)",623,2.461999359565602,.1113781310078502,14.12265871465161,308.2933873031633,124.8239325904692,129.2834630067158,60200
"   624 Hektor (A907 CF)",624,5.272032012949517,.0232919365028754,18.15419165820993,342.7928827493662,179.6379412822855,305.09006692957,60200
"   625 Xenia (A907 CG)",625,2.645545354749256,.227615195781411,12.07692788551612,127.5270571406156,200.5154467556787,209.7780924688529,60200
"   626 Notburga (A907 CH)",626,2.574907705885387,.241872605894148,25.37414981020492,341.5880947715834,43.53815675978039,177.8717090352074,60200
"   627 Charis (A907 EJ)",627,2.900706364571987,.05914272988717403,6.472547851267342,142.4552757079734,178.3396649288439,36.32414828579095,60200
"   628 Christine (A907 EK)",628,2.581876722331745,.04316940407057373,11.52245269762305,112.0869863290063,205.1741494535411,225.1763586301929,60200
"   629 Bernardina (A907 EL)",629,3.130580793721572,.1602109072027766,9.234879790813189,86.33377463699281,38.35223032574124,30.56281536521168,60200
"   630 Euphemia (A907 EM)",630,2.622912893448527,.1126651061103361,13.86773908521342,105.3558026444069,39.57286396516211,157.0852506720426,60200
"   631 Philippina (A907 FD)",631,2.792837937986563,.08439938575948713,18.90036537153345,224.5373626039747,279.3765497615636,45.2888335313697,60200
"   632 Pyrrha (A907 GY)",632,2.662240822819073,.1913908223621983,2.215723859599767,356.4427420885909,252.5730134348567,263.6727545028741,60200
"   633 Zelima (A907 JH)",633,3.017073131112497,.0840758305195211,10.90387979673636,147.2653818382701,190.8489332037564,340.8986972925583,60200
"   634 Ute (A907 JJ)",634,3.050684496723807,.1810334191871814,12.28908554202473,133.1900193150958,220.9506042975615,217.5230251476895,60200
"   635 Vundtia (A907 LA)",635,3.143340622879519,.07852644133745722,11.00647642273333,182.8574052986024,228.4618612426157,175.9918938807755,60200
"   636 Erika (A907 CE)",636,2.911230703269525,.1693246936746731,7.930086367892369,34.56987276893476,298.9059907122533,336.9222108160981,60200
"   637 Chrysothemis (A907 EN)",637,3.185501846608923,.11855035110261,.2384732996789868,352.1300531486854,178.8463241860628,250.0572039475055,60200
"   638 Moira (A917 RC)",638,2.732363164614986,.1619536899975996,7.708875966102154,103.0963874860975,128.615439624741,261.3237966396176,60200
"   639 Latona (A907 OA)",639,3.018500165286483,.1088147496231805,8.554190611276425,279.7691664275769,70.91193893670034,22.80414218349786,60200
"   640 Brambilla (A907 QA)",640,3.161218656725393,.0786181396585733,13.37041685147384,234.8677848180817,29.07010887462074,294.3523830584901,60200
"   641 Agnes (A907 RH)",641,2.220296334996676,.1289108829388667,1.709470016189856,40.97476857031792,18.04917883127961,330.5449190275662,60200
"   642 Clara (A907 RJ)",642,3.185619198614278,.1283142661663591,8.168524603662256,5.269196349709656,120.9167950486377,34.49565877017326,60200
"   643 Scheherezade (A907 RK)",643,3.358703581460368,.05676767148629816,13.7723861853012,252.1577462374418,228.9523249497349,220.4010895605205,60200
"   644 Cosima (A907 RG)",644,2.599727213226715,.1537607506800878,1.041123296674703,109.9839817329668,269.0636988154464,248.4324587605018,60200
"   645 Agrippina (A907 RP)",645,3.213141879026583,.1390570247841777,7.069706487603459,359.2283646796559,88.79921868956137,42.66435704930322,60200
"   646 Kastalia (A907 RL)",646,2.325443918048201,.2127960309154271,6.900149420522511,302.7846723937399,38.09756989036498,269.2876821037298,60200
"   647 Adelgunde (A907 RM)",647,2.442733929079377,.192930241485584,7.324031972832238,254.5591201659405,175.6676775810903,86.17076445078291,60200
"   648 Pippa (A907 RN)",648,3.195345396784098,.2026753981874584,9.873620120936335,290.7927999143005,180.8316170952266,52.00504283299672,60200
"   649 Josefa (A907 RO)",649,2.546710322899349,.278757145334815,12.71819834470283,357.0078081247283,349.4700501499369,184.764990236599,60200
"   650 Amalasuntha (A907 TL)",650,2.457803903657245,.1848196124967735,2.5651241470152,215.4943865350962,178.7374866873793,29.10534313248271,60200
"   651 Antikleia (A907 TK)",651,3.024442861398688,.1014945516372913,10.76611756155346,37.95310720849131,352.760671139366,22.48501733755509,60200
"   652 Jubilatrix (A907 VS)",652,2.555565819723505,.1263182684277078,15.73250018457517,86.14108369073503,276.6604099589341,171.8007088558103,60200
"   653 Berenike (A907 WC)",653,3.01208021938551,.04439536942834352,11.28813587169006,132.7557491908363,61.40491199807357,279.7177795169752,60200
"   654 Zelinda (A908 AM)",654,2.297527519486735,.2310263626782032,18.09398209172017,278.3270612094925,214.580485507989,67.27206536842958,60200
"   655 Briseis (A907 VT)",655,2.990934674119154,.08386286036030208,6.511853210072642,129.8427201038786,281.8008209016881,140.5940712378243,60200
"   656 Beagle (A917 ST)",656,3.149339939452818,.1324448301367429,.5172456821940601,184.2491616550459,330.3744211931342,194.4433058258309,60200
"   657 Gunlod (A908 BK)",657,2.610643662973905,.1132878193785017,10.23779489969358,297.5255209003715,244.5473340821073,95.05692537906356,60200
"   658 Asteria (A908 BL)",658,2.853118505356655,.06219221620064611,1.502016522559695,350.9435507819369,58.64630375921412,53.49431394235405,60200
"   659 Nestor (A908 FE)",659,5.168950765306028,.1163943651184782,4.52235852931062,350.7475060959751,344.0968940363073,115.1374667537173,60200
"   660 Crescentia (A908 AN)",660,2.534781297545671,.1073816981597715,15.19507513645349,156.9166530176818,106.3771275107873,100.6541767655021,60200
"   661 Cloelia (A908 DD)",661,3.015363182480411,.03833982871640368,9.24674411045018,335.5905578255288,183.4233003312957,15.70621783478042,60200
"   662 Newtonia (A908 FF)",662,2.553437234190604,.2158190841239815,4.120241104237322,133.6890157197966,165.6571465650386,32.75731590897134,60200
"   663 Gerlinde (A908 MB)",663,3.066938683887249,.1469931618524882,17.9225833666545,232.2947418372692,314.0446599495303,249.4225758795282,60200
"   664 Judith (A908 MC)",664,3.196535224936603,.2350770134170513,8.561603159242718,170.7853578102247,102.6204892109057,115.9436001329003,60200
"   665 Sabine (A908 OE)",665,3.142094803868102,.1721455734553844,14.74984358682844,298.4014928951923,318.0567815738321,250.835324739924,60200
"   666 Desdemona (A908 OG)",666,2.594823066249071,.2366062745424717,7.582535524906589,215.2972957891282,174.0176568510605,156.4795761889265,60200
"   667 Denise (A908 OF)",667,3.189012660168577,.1889462303809497,25.37521640978829,153.2263331109093,304.9662738617507,297.8834963977803,60200
"   668 Dora (A908 OH)",668,2.794991151946484,.2346843432239808,6.841219163690724,214.3750916088712,113.0691348881353,211.8242155489553,60200
"   669 Kypria (A908 QF)",669,3.011385198995954,.07566833521046241,10.79359466619243,170.7233306986913,116.6889058635705,46.03495078215656,60200
"   670 Ottegebe (A908 QG)",670,2.804354633784899,.1921629215558718,7.539127837227157,174.5796006532025,194.9334084930829,160.1737423286321,60200
"   671 Carnegia (A908 SJ)",671,3.099445271858626,.06317669892224549,8.010363020317287,.4443666326109153,87.8256061699735,323.4720723288787,60200
"   672 Astarte (A908 SH)",672,2.556992607818722,.1354067612657482,11.10498369671336,343.8314411376547,309.2910779726813,105.7264425341819,60200
"   673 Edda (A908 SG)",673,2.813499105941567,.008559812712486641,2.881056157154377,226.3967565720894,252.7245956475223,5.367111000302604,60200
"   674 Rachele (A908 UK)",674,2.925924058311366,.1942515228174428,13.5113829292222,58.0750401742184,41.206170118703,301.4926285874004,60200
"   675 Ludmilla (A908 QH)",675,2.767275082741555,.2048941922069628,9.808049470375167,263.0039225298312,152.6513773610349,294.8972843977031,60200
"   676 Melitta (A909 BO)",676,3.061518356104496,.1219235542283659,12.84099135019905,150.2226425239416,185.2247497560358,326.746669863992,60200
"   677 Aaltje (A909 BP)",677,2.953528225454269,.04931405833701175,8.487668618695059,272.6918473369792,274.841023217799,135.5219504156236,60200
"   678 Fredegundis (A909 BQ)",678,2.572379383585188,.2204861436529258,6.094940469708867,281.0853827555736,121.1800336530423,333.8421320063409,60200
"   679 Pax (A909 BR)",679,2.586608496425923,.3097863738565659,24.40745410623474,112.0836878998832,267.1100725425893,288.8397169617082,60200
"   680 Genoveva (A909 HF)",680,3.13945207974877,.2968374770376331,17.52680639607865,37.95385539801835,245.5545653050584,123.1514027410109,60200
"   681 Gorgo (A909 JB)",681,3.108612751384897,.1003951296519641,12.5718707105456,177.8366869784346,115.8682745730332,255.120176107756,60200
"   682 Hagar (A909 MA)",682,2.651683789551146,.1737229755109178,11.51380665584577,190.7632768117192,104.8370474992573,139.4243420207301,60200
"   683 Lanzia (A909 OA)",683,3.115761412336228,.05851402904221007,18.52523118514235,259.642812222397,280.5507424765556,28.25145600878135,60200
"   684 Hildburg (A909 PB)",684,2.431884616497765,.03444213101900536,5.521897226218914,336.347288552332,291.3886659433821,73.69149427894638,60200
"   685 Hermia (A909 PC)",685,2.236620635826183,.1964335692273065,3.647189670984132,235.1649182265096,80.95469105415498,50.44748008253192,60200
"   686 Gersuind (A909 QA)",686,2.588245948765377,.2682981534919812,15.69067013625121,243.0146736630894,89.04886320402585,131.061310067519,60200
"   687 Tinette (A909 QB)",687,2.722677828337096,.2718920038280995,14.87778429079368,334.3271482691747,52.57093691148501,111.8357251925168,60200
"   688 Melanie (A909 QC)",688,2.698863440872393,.1383738352473028,10.2442201191982,170.8267112614698,139.1732329864711,287.2771425292212,60200
"   689 Zita (A916 RB)",689,2.315427722190341,.2295223295239378,5.742399560285365,168.122612123834,188.4140728600118,124.0724004074231,60200
"   690 Wratislavia (A909 UE)",690,3.150874547741081,.1766540055085067,11.24411519828252,253.0410763928517,114.5807045971961,152.4715929438065,60200
"   691 Lehigh (A909 XB)",691,3.009356530323426,.1242765720450156,13.01541485158085,87.9594647744202,304.3029817271297,320.1437719269457,60200
"   692 Hippodamia (A901 VJ)",692,3.381707203139133,.1691343193736383,26.08524622194435,63.46130306390852,53.60617099281918,199.5123973016272,60200
"   693 Zerbinetta (A909 SD)",693,2.944663155750385,.03015336071672392,14.18959952940501,351.7128834555259,284.0800697873269,293.0307331900742,60200
"   694 Ekard (A909 VC)",694,2.669913945190066,.3232424227925598,15.89877225716051,229.9620999236081,111.8039876847572,67.5002377813005,60200
"   695 Bella (A909 VD)",695,2.53883890675377,.160312494202268,13.84715025165114,275.4709582480283,79.74096419623685,96.87030243528427,60200
"   696 Leonora (A916 BD)",696,3.172807058455728,.2487778674499889,13.01760081488812,299.4252182372961,103.3613717939411,42.28823318271142,60200
"   697 Galilea (A910 CL)",697,2.883058067129917,.1537780873827979,15.12244918273079,15.41404544814801,333.2512286670359,226.6183449344632,60200
"   698 Ernestina (A910 ED)",698,2.866291692832489,.1112051611635246,11.53245447664751,40.61468680147488,98.13249248555648,154.0384117648313,60200
"   699 Hela (A910 LC)",699,2.613448531160056,.409718830437632,15.29232101718535,242.4986669657723,91.46340296811681,251.0354351194898,60200
"   700 Auravictrix (A910 LD)",700,2.229342284249467,.1046463157198215,6.787614121191927,96.78723937230946,101.7130273794663,52.33162236304685,60200
"   701 Oriola (A910 ND)",701,3.012820273707064,.03740905820554814,7.131130821849908,243.5411075810841,324.9733078908004,304.8049006830345,60200
"   702 Alauda (A910 OA)",702,3.194617149331319,.01612261808856655,20.5974279121405,289.7145290374674,353.933817743221,327.003166586846,60200
"   703 Noemi (A910 TD)",703,2.174477170680576,.1377496413876369,2.459704104801249,213.7238439567687,174.6504647557764,63.42519729096021,60200
"   704 Interamnia (A910 TC)",704,3.058347817571184,.1559418616101091,17.30804315728134,280.1747415867958,94.41012726812505,36.27237660158991,60200
"   705 Erminia (A910 TE)",705,2.923609794110162,.05125715824120142,25.01645959535007,2.778818821946667,102.2456677507289,140.5618571718225,60200
"   706 Hirundo (A910 TF)",706,2.729403723695803,.1957248832117352,14.42667422500066,325.3199378585911,31.17448803208477,26.86758684384233,60200
"   707 Steina (A910 YA)",707,2.179988347208886,.1085038579871753,4.273398436639567,281.8430395060711,90.62230780164768,71.15837691249527,60200
"   708 Raphaela (A911 CB)",708,2.6715676590744,.0852781017185076,3.478933609040104,355.0925584340716,199.5363016267669,233.649817073627,60200
"   709 Fringilla (A911 CC)",709,2.914870773295505,.113627485203874,16.26096832827432,324.3689363971066,19.69138872781632,9.225716238696354,60200
"   710 Gertrud (A911 DB)",710,3.129911790924861,.131599723309589,1.751224482699153,140.1666913242565,99.58971743133016,45.57457094497246,60200
"   711 Marmulla (A911 EA)",711,2.23743088383943,.1957721857884194,6.087108049894972,357.0231518443239,300.373097653389,110.7439785664181,60200
"   712 Boliviana (A911 FF)",712,2.576529039857629,.1851336526261126,12.75602948117913,230.6891002622459,181.5379994850008,119.1745421913748,60200
"   713 Luscinia (A911 HG)",713,3.401467937907744,.1549763141194886,10.34268445404244,217.4546806471492,138.6569536662207,181.1982319897301,60200
"   714 Ulula (A911 KG)",714,2.535003691700369,.05546397001214235,14.2725772640802,233.6891497712971,233.0758666105183,42.33971960347584,60200
"   715 Transvaalia (A911 HH)",715,2.7693358816058,.08460998240996495,13.82280430841053,46.05083112556366,301.3593513872843,27.25433319641759,60200
"   716 Berkeley (A911 OC)",716,2.813505585646769,.08654295989229521,8.486230467820642,145.8799766999603,56.11470086408005,27.64915353356233,60200
"   717 Wisibada (A911 QK)",717,3.138297599827607,.2647719972811615,1.645624781652622,343.5396651047782,24.47694590312938,3.64399075033407,60200
"   718 Erida (A911 SA)",718,3.057514469798622,.1976373475973691,6.927269118369719,38.51186990336645,174.7188769554389,124.3198364662707,60200
"   719 Albert (A911 TB)",719,2.636410361106673,.5469896234489148,11.57585306923172,183.8538963548783,156.2302173873943,56.29428206193892,60200
"   720 Bohlinia (A911 UL)",720,2.885759960125113,.01864183761486075,2.353682614838452,35.67574860935547,109.0340557390751,162.2611375705455,60200
"   721 Tabora (A911 UM)",721,3.550732028439358,.1181260500397987,8.323724865613183,38.37109561775245,352.8231103820792,241.6889494592398,60200
"   722 Frieda (A911 UN)",722,2.1724411270679,.1445229130228825,5.6368786766758,45.65243212393385,257.549859775246,56.9967265056024,60200
"   723 Hammonia (A911 UO)",723,2.993703481036268,.05604151178035614,4.990215441492225,163.169236295319,250.9054816014539,201.202158260089,60200
"   724 Hapag (A911 UP)",724,2.454129551690484,.2512806174738765,11.71734408905959,204.2298554047279,205.6187497845225,19.89021103115707,60200
"   725 Amanda (A911 UQ)",725,2.571659858360893,.222020319451267,3.791138128008366,68.6496823768591,323.098518437026,41.56487205312743,60200
"   726 Joella (A911 WC)",726,2.564690812564414,.2853943137885442,15.44016511939359,241.9416385257358,113.1658389627853,107.037940709077,60200
"   727 Nipponia (A912 CF)",727,2.567325473324356,.1038907853470431,15.0566603394891,133.0377277817392,274.4622059525539,114.3867736464886,60200
"   728 Leonisis (A912 DB)",728,2.253537242753037,.08685239090525285,4.256554443471237,82.55973814030936,55.84644769358279,354.4115086987495,60200
"   729 Watsonia (A912 CE)",729,2.759382110995924,.09662754250520532,18.04939484046683,124.3147102154067,87.32725075571012,63.12143087081349,60200
"   730 Athanasia (A912 GG)",730,2.243125062028828,.178018830618202,4.234017171480235,95.05710793814265,123.2599149506251,44.78492513235756,60200
"   731 Sorga (A912 GH)",731,2.98806184139908,.1430988809395421,10.69828327238628,46.08807261748358,288.235267054787,70.43147361851926,60200
"   732 Tjilaki (A912 HK)",732,2.456194105054191,.04491640906451625,11.00341940332041,173.3028918697248,63.65631374485895,308.2880045620437,60200
"   733 Mocia (A912 SA)",733,3.397605211652827,.05807892187432515,20.28777130732094,340.9628927582492,188.5837986345055,108.8250395202562,60200
"   734 Benda (A912 TF)",734,3.144560404994385,.1010692079465522,5.806523734218103,3.127699622748529,65.90804774008876,264.1493036226726,60200
"   735 Marghanna (A912 XD)",735,2.730862004373271,.3207633391201313,16.86756048328902,42.91961901502077,309.9512880202963,248.6763600304818,60200
"   736 Harvard (A912 WC)",736,2.202374837868947,.1654596606099401,4.376446872242611,135.8942741542909,200.7797523187558,30.39702070777928,60200
"   737 Arequipa (A912 XC)",737,2.59134240179746,.2443005829056926,12.36782530820696,184.6150848064995,134.2542411853393,279.6514212874649,60200
"   738 Alagasta (A913 AF)",738,3.03525078945455,.05580666673029793,3.530598197423291,131.9368984436228,49.87193220872963,262.2393932133144,60200
"   739 Mandeville (A913 CH)",739,2.736901344344024,.1432309653430301,20.66201615097456,136.5421132873835,44.82949268310352,123.2153115291787,60200
"   740 Cantabia (A913 CK)",740,3.061097653362783,.1050893486179821,10.8062983002095,115.5632929800786,50.93472571960445,251.0857145379319,60200
"   741 Botolphia (A913 CJ)",741,2.7221781437307,.06823798157323008,8.410569634227961,100.6361344228096,61.58204756440951,221.1566668653924,60200
"   742 Edisona (A913 DC)",742,3.013817563957339,.1149062122300168,11.20166731075105,64.1363523334427,283.8854021676278,195.7916722865742,60200
"   743 Eugenisis (A913 DD)",743,2.795528798378411,.06034064851684771,4.838397169184969,228.9002631043515,184.7990653744222,339.6639585319019,60200
"   744 Aguntina (A913 DE)",744,3.172258545137971,.1156418107134205,7.712578391090143,142.6359877378304,28.62215144139122,180.9964719934405,60200
"   745 Mauritia (A913 EH)",745,3.25739503633453,.04296136410507231,13.29499285767394,125.4791619391418,37.42393727583531,294.1400690530452,60200
"   746 Marlu (A913 EJ)",746,3.112679774643731,.2359577463912097,17.477441535688,1.91769196864049,306.9926774883947,275.6023465120405,60200
"   747 Winchester (A913 EK)",747,3.000907813214519,.3397562176428808,18.21447224528449,129.0722659109202,277.5171341215106,189.9350877911781,60200
"   748 Simeisa (A913 EL)",748,3.952233308244185,.1894696568049168,2.257984658593541,265.4047767461784,177.7775316790313,114.696317484415,60200
"   749 Malzovia (A913 GD)",749,2.242877935949768,.1741392513921161,5.3931113777305,109.7149859562436,128.9171387143987,281.1999913042567,60200
"   750 Oskar (A913 HF)",750,2.444367493219024,.1285020655607243,3.948139035979866,69.54433270560715,73.4766747926404,23.12184159093198,60200
"   751 Faina (A913 HE)",751,2.551612581552365,.1511500453359104,15.59702147244793,78.8113775031886,302.6837672645979,223.201129958179,60200
"   752 Sulamitis (A913 HG)",752,2.464100601653119,.07367036838037776,5.962482207654694,85.05373755761981,22.55134527946875,301.369630158111,60200
"   753 Tiflis (A913 HH)",753,2.329230997880833,.2209182353942937,10.08672991206348,61.3177529545765,202.9139886525062,347.9076471396561,60200
"   754 Malabar (A906 QH)",754,2.988204510106741,.05102444880031678,24.54292092821096,179.914076872676,302.9917219944771,102.3141388972889,60200
"   755 Quintilla (A908 GC)",755,3.186700872223609,.1355399513232405,3.242934165951794,176.6630068523524,44.97995086075086,141.6166429919541,60200
"   756 Lilliana (A908 HD)",756,3.198127123884166,.1478651798144464,20.34877504328863,208.0442608503423,4.10891781492695,10.77006190471668,60200
"   757 Portlandia (A908 TG)",757,2.373582986751431,.1080600691780714,8.172030017944044,22.43173039730178,44.05677480242282,114.6047673481859,60200
"   758 Mancunia (A912 KB)",758,3.194926615621168,.1496292883301494,5.60561392567551,106.0361635145355,313.36700539573,352.5088648825392,60200
"   759 Vinifera (A913 QC)",759,2.61815265048584,.2052249284126876,19.90365837651463,318.3316213295548,1.200526164012496,358.2723780424393,60200
"   760 Massinga (A913 QD)",760,3.14895003258352,.2339079388281807,12.53724115095378,331.5475009723602,200.3237177381587,28.88379891329496,60200
"   761 Brendelia (A913 RE)",761,2.863850623410259,.06222080997085478,2.155059338285206,23.72062678781324,298.3513747226592,283.5927170700322,60200
"   762 Pulcova (A913 RD)",762,3.154620925292583,.1070753068277624,13.09697815727116,305.5270425567138,188.6615889784186,87.05261522087572,60200
"   763 Cupido (A913 SE)",763,2.24068268040733,.1658531347507721,4.08210578423911,289.7851763518276,89.14813022964816,271.8402926045568,60200
"   764 Gedania (A913 SF)",764,3.193569905972392,.09271761587338044,9.999644325958741,258.7545298604675,158.8796493040842,87.58207787321891,60200
"   765 Mattiaca (A917 SS)",765,2.545048363856536,.2858820399905315,5.532614946068868,326.2779282820883,71.81599205969687,358.295042818542,60200
"   766 Moguntia (A913 SH)",766,3.018951194432453,.09716931642622487,10.08962442554697,7.825089127158503,70.37618329089078,284.451652589556,60200
"   767 Bondia (A913 SD)",767,3.118941969687688,.183054228033672,2.412161995424833,79.30455881810158,269.4069002983551,351.3861172740901,60200
"   768 Struveana (A913 TC)",768,3.135866758148083,.2141632207191494,16.27898101172996,38.8844681147141,16.69457265636332,240.2639041998401,60200
"   769 Tatjana (A913 TD)",769,3.166547407340393,.1867104852670272,7.369909632015409,38.36773372699661,253.1717525448407,186.1787310161493,60200
"   770 Bali (A913 UG)",770,2.22068502839329,.1506970131063221,4.384304749557858,44.65900603565843,17.96563447621206,54.28723288411231,60200
"   771 Libera (A913 WB)",771,2.652304757910243,.2473873155189305,14.8930721327595,217.8573701259284,228.609295768845,140.1517667716313,60200
"   772 Tanete (A913 YD)",772,2.998540783498597,.09474992837923067,28.83554320436027,63.72159162941549,145.7297849124643,297.410010603819,60200
"   773 Irmintraud (A913 YF)",773,2.857508431389409,.07830421254435539,16.66716558533562,322.2892893567832,333.2487507475545,29.09543033957161,60200
"   774 Armor (A913 YE)",774,3.048296421423955,.166228023749949,5.564967400292713,250.0748990697608,28.71950733737692,1.788488712590684,60200
"   775 Lumiere (A914 AA)",775,3.011889609084186,.06627961531253027,9.257388254632197,297.516947991094,171.0006437341877,1.316939734157037,60200
"   776 Berbericia (A914 BE)",776,2.931362887309839,.16607540008171,18.24370511875733,79.64303362451147,306.3795004824582,27.26166059775838,60200
"   777 Gutemberga (A914 BF)",777,3.215220274410556,.1163646088520712,12.90621230836566,282.9694362019586,264.9708689266174,283.1664200133131,60200
"   778 Theobalda (A914 BG)",778,3.179971292774597,.2563501763623431,13.71033358202529,321.2202596477787,135.0495692245838,115.1668201632859,60200
"   779 Nina (A914 BH)",779,2.664910105102624,.2268370476774315,14.57252073463345,283.7148645329069,49.1032492821053,213.5021590139595,60200
"   780 Armenia (A914 BJ)",780,3.112560136855078,.09651978403656088,19.0810248562141,144.786427391555,211.7690989613458,95.38147719269342,60200
"   781 Kartvelia (A914 BK)",781,3.214419860694962,.119546092442817,19.14067404492218,137.9942724220177,154.4763016429482,147.8643269659771,60200
"   782 Montefiore (A914 FA)",782,2.17988403315616,.03905021241053792,5.259642448915195,80.41176863628249,82.70562617699973,26.28688945319603,60200
"   783 Nora (A914 FB)",783,2.342590390135031,.2303474071041824,9.339349885114837,142.03852105,154.8260581752669,106.6162982950063,60200
"   784 Pickeringia (A914 FC)",784,3.099479716678716,.2411181919308284,12.27982474852756,14.9005858466479,237.9159664660087,314.4241825055039,60200
"   785 Zwetana (A914 FD)",785,2.572448434820365,.2086354490601707,12.77188970412797,71.79275154669584,131.7989309658398,170.2964850021908,60200
"   786 Bredichina (A914 HD)",786,3.176375589452251,.1587560300926516,14.51579455600833,89.73215725974129,133.9244093921795,116.2973411869311,60200
"   787 Moskva (A914 HC)",787,2.53952600597941,.1293756624220182,14.85208577892224,183.8214840902814,125.843791070491,292.3359978183515,60200
"   788 Hohensteina (A914 HE)",788,3.121400913926813,.1358854876639081,14.35848291328827,177.6818779555554,47.61181991704079,277.539292363849,60200
"   789 Lena (A914 MA)",789,2.686432322152845,.1471370257645697,10.77584544018306,232.5629926655981,43.53050993976233,288.0327847632036,60200
"   790 Pretoria (A912 BE)",790,3.404884880644873,.1548366929187195,20.55896356625923,251.7944868869365,37.82263726612707,135.1100565698506,60200
"   791 Ani (A914 MB)",791,3.125261948554134,.1923777223872171,16.37391542251989,129.7976834344194,201.8150178559384,246.8894894559886,60200
"   792 Metcalfia (A907 FC)",792,2.621401203665762,.1316444424301165,8.625808238758822,265.0566348641724,227.1422029299854,199.0725241333336,60200
"   793 Arizona (A907 GZ)",793,2.796657579248529,.1236305059149122,15.77829814073918,35.95296561585618,308.4069757368034,197.2974955866656,60200
"   794 Irenaea (A914 QB)",794,3.131180265298766,.2952459837633552,5.418633097927728,160.3971023993327,131.3316691397986,244.8039595413679,60200
"   795 Fini (A914 SF)",795,2.748398238475254,.1015553166256148,19.0516973909303,17.35833395083585,189.8758309247733,106.3874454302392,60200
"   796 Sarita (A914 UF)",796,2.636005539269605,.3197981168204186,19.04937154739113,33.14217838528906,329.5845541812347,180.3240629281559,60200
"   797 Montana (A914 WG)",797,2.536988290322225,.05973660801586625,4.514459284289428,238.2641857496998,355.9005925331699,143.295760960098,60200
"   798 Ruth (A914 WH)",798,3.014808053555063,.03500967569922606,9.241079459709033,214.2363943360578,45.63973583137697,92.94582575996762,60200
"   799 Gudula (A915 EA)",799,2.541119570743491,.02183658652898016,5.282483399635549,164.8329333515202,232.7902352219882,49.83786604624141,60200
"   800 Kressmannia (A915 FG)",800,2.192840374686392,.2013035727659667,4.262432958418893,325.1402973728302,347.6713460983298,25.15528552972776,60200
"   801 Helwerthia (A915 FH)",801,2.60419875759878,.07633402232408704,14.14251416939367,185.9047951380079,337.2054990046285,294.9164257079258,60200
"   802 Epyaxa (A915 FJ)",802,2.195776628093181,.0794432708835819,5.203285145644351,7.743695730745632,116.3189699223013,167.6244981736456,60200
"   803 Picka (A915 FL)",803,3.196992941571871,.0633428753839278,8.659196154143562,250.8051382222885,56.98106923541262,187.4286669984464,60200
"   804 Hispania (A915 FK)",804,2.836943088496025,.1418236022532641,15.38864725428659,347.5526854591516,344.1210081773079,93.9802410376377,60200
"   805 Hormuthia (A915 HD)",805,3.19473096021479,.1858208852863256,15.72957636937707,166.3469307725331,131.8138330537222,222.2449862994492,60200
"   806 Gyldenia (A915 HE)",806,3.20437870048153,.08118404225548216,14.2176989015678,43.60881587293701,121.6257335081837,330.2040022058177,60200
"   807 Ceraskia (A915 HF)",807,3.021421816167429,.0603309630731495,11.28958214174628,131.9893423341018,337.2561311263054,316.7899677453437,60200
"   808 Merxia (A901 TG)",808,2.743725820919108,.1298031489153264,4.722767182499872,180.9848794960484,274.4906853779888,214.2679440171101,60200
"   809 Lundia (A915 PF)",809,2.282441022078948,.1925679948052826,7.145372808014978,154.5008652589758,196.2959874407124,99.48876053873705,60200
"   810 Atossa (A915 RS)",810,2.179031280526031,.1802388846745714,2.612735049991328,152.6892093582537,195.7573278353222,206.1720911528589,60200
"   811 Nauheima (A915 RT)",811,2.896255369960664,.07072824647266254,3.137411216549638,130.7996428406684,179.3266960215885,354.4852996365933,60200
"   812 Adele (A915 RU)",812,2.659167450960445,.1651846889273381,13.30011974194308,7.239888923302212,353.4188801629186,319.0027988993446,60200
"   813 Baumeia (A915 WJ)",813,2.223399631298244,.02528513114053635,6.295972752034862,51.88362130733697,315.4817128335911,223.3039910288787,60200
"   814 Tauris (A916 AE)",814,3.159017958098702,.3053128258190006,21.79184578015045,88.72676119688047,296.3665775598873,98.13673165602833,60200
"   815 Coppelia (A916 CC)",815,2.660312092788167,.07364731231621008,13.87808552258619,56.96208876509194,57.86534433889996,307.426818807344,60200
"   816 Juliana (A916 CE)",816,3.007696770005526,.1060038092952543,14.30782813582657,127.7719447153047,20.63748813951419,236.9789157570762,60200
"   817 Annika (A916 CD)",817,2.590372101635769,.1812174527596083,11.3330100047978,125.4444014645528,284.8935750438218,345.2535520898124,60200
"   818 Kapteynia (A916 DF)",818,3.17091180728552,.09033593692980248,15.63105748352225,70.66906035447693,291.7647553638275,133.7138316526796,60200
"   819 Barnardiana (A916 EA)",819,2.197336188997351,.1422090204659967,4.895153966852117,333.1116834487028,306.204639965671,249.8522897675708,60200
"   820 Adriana (A916 FJ)",820,3.12866396655715,.05059657827597773,5.93417624820173,118.4349119596315,195.367428411477,25.04650574786753,60200
"   821 Fanny (A916 GH)",821,2.772231725080467,.2112280942805563,5.398180530206375,209.7253870786873,32.83323955303451,46.59625482052143,60200
"   822 Lalage (A916 GJ)",822,2.255952350862753,.155044871298813,.7186468362730398,210.0322866244161,246.8829727438146,331.8079994642478,60200
"   823 Sisigambis (A916 GK)",823,2.220912813154023,.09080309479114808,3.645830237020275,254.9835578805445,218.9208691050466,230.3158954255802,60200
"   824 Anastasia (A916 FF)",824,2.793713221326374,.1366801593220258,8.130172650031016,141.3496722576907,141.3480523766852,274.9583235468128,60200
"   825 Tanina (A916 FH)",825,2.225543761047867,.07500483992922635,3.399664610125723,101.3992911813062,111.0290021659877,109.5833631221481,60200
"   826 Henrika (A916 HD)",826,2.713522814553922,.2049715950769766,7.102801419313472,230.18955051,36.61457110691754,316.8486761012956,60200
"   827 Wolfiana (A916 QG)",827,2.274256866239271,.1569013496133507,3.422370056332268,172.8586950132946,195.5007922295204,57.13707512774474,60200
"   828 Lindemannia (A916 QH)",828,3.190601874035388,.02722770580110106,1.124708839771104,1.796215929138149,296.8569568851933,338.9555713159602,60200
"   829 Academia (A916 QF)",829,2.57963954334035,.09898082827035508,8.277976544877268,352.3302000780605,42.49618271526754,250.398482409837,60200
"   830 Petropolitana (A917 YD)",830,3.211769738747428,.06604874518637914,3.801279814659294,340.269783202103,91.29124005920713,142.5932218328579,60200
"   831 Stateira (A916 SD)",831,2.212613453671462,.1456377727747138,4.838884628465325,178.035429125372,225.0184960407985,149.955278749879,60200
"   832 Karin (A916 SE)",832,2.866409397104073,.08293424192891337,1.006474327290242,253.7460427247364,121.7902532134727,9.612558510450752,60200
"   833 Monica (A916 SF)",833,3.012274830925665,.1168806432037095,9.785472119534486,352.8309882359866,37.15008724307432,151.169629442684,60200
"   834 Burnhamia (A916 SG)",834,3.183162488955647,.2007043230123896,3.979722930383816,182.6630178653555,91.6479882879344,55.59221914520426,60200
"   835 Olivia (A916 SH)",835,3.221519435492763,.08796613505893672,3.697646854748301,308.4587774619212,67.72188436026207,205.7897719531794,60200
"   836 Jole (A916 SJ)",836,2.190060590166075,.1765277506613233,4.846095732108993,199.7440190554312,179.9260555541071,345.224544062494,60200
"   837 Schwarzschilda (A916 SK)",837,2.298404186264637,.04040420768106844,6.738278190730254,199.9649227962143,173.0781700717604,237.2379666761236,60200
"   838 Seraphina (A916 SL)",838,2.899871835035593,.1310393721905526,10.42236909245504,240.0165399949891,117.5901037890405,254.2632854652834,60200
"   839 Valborg (A916 SM)",839,2.613579492962219,.1528778154179435,12.60324953894702,338.1631280618134,339.3975703086816,149.2477822369069,60200
"   840 Zenobia (A916 SN)",840,3.127249460593061,.1030797469652204,9.977972783930134,272.5524930402829,8.687620367154249,177.462699248886,60200
"   841 Arabella (A916 TA)",841,2.255317868146849,.06939368013650528,3.79080139344196,354.667775368562,121.0574551601063,107.2346720155632,60200
"   842 Kerstin (A916 TB)",842,3.240153199555849,.1161430322594046,14.49429203635164,5.392798066681753,353.1097841614642,192.7962697470185,60200
"   843 Nicolaia (A916 SO)",843,2.279789067914464,.2099095105733852,7.99692580944701,4.040062755380679,317.2306963331,55.96223592861582,60200
"   844 Leontina (A916 TC)",844,3.202457071751406,.06954567022307513,8.776685776366032,348.665431415536,354.1671621079535,297.4288350419342,60200
"   845 Naema (A916 WM)",845,2.937398057368485,.0692229625805991,12.61537407640829,42.99091200481938,292.580004644693,142.6001949372634,60200
"   846 Lipperta (A916 WN)",846,3.132972954175489,.1754454060869723,.2645331978313292,260.5906586875843,130.3760519487925,129.6569025577123,60200
"   847 Agnia (A915 RP)",847,2.781921674302685,.09484868886908372,2.481233214554609,270.6971394290163,128.6040267937499,42.13665427825908,60200
"   848 Inna (A915 RQ)",848,3.111920739126879,.1624005472572646,1.054463565763041,207.74255613327,125.8187703669908,271.5930003765832,60200
"   849 Ara (A915 UB)",849,3.143898133756375,.2009959037864206,19.5372855659683,228.2716338382932,62.81891328199711,175.8487973017519,60200
"   850 Altona (A916 FG)",850,2.997001216159976,.1293352890759454,15.52596336894294,120.9435394182338,134.5754453653521,186.6443490194629,60200
"   851 Zeissia (A916 GL)",851,2.227793905824167,.09080709076919935,2.393843902466578,141.1641234659183,7.472532702652695,151.6562828891667,60200
"   852 Wladilena (A916 GM)",852,2.361477578404475,.2747880308856981,23.02141591483417,27.26566862758624,282.2608950555273,133.3509314425895,60200
"   853 Nansenia (A916 GN)",853,2.313625240394274,.1054847186873082,9.212503058085096,182.8155031955166,60.44068331356564,164.9467701167081,60200
"   854 Frostia (A916 GO)",854,2.370096164830632,.1740192302851744,6.086956446709299,190.559658703802,84.57521288067518,111.1900637003325,60200
"   855 Newcombia (A916 GP)",855,2.361742194922971,.1800128996193647,10.88022179788062,17.08846160528284,234.2691173036927,176.9690810681877,60200
"   856 Backlunda (A916 GQ)",856,2.434850975029426,.1191340417934087,14.32717271305474,125.5321705387472,72.59449968785518,89.39258315804028,60200
"   857 Glasenappia (A916 GR)",857,2.190442758485272,.08809957695193754,5.299301710419132,82.88892138645639,238.9251436329102,303.3891296813093,60200
"   858 El Djezair (A916 KF)",858,2.810503142460338,.1034865842797719,8.866948880494485,67.11112010123571,178.0541807949408,287.1438367609879,60200
"   859 Bouzareah (A916 TD)",859,3.226675273269819,.1101990623100743,13.50298269182191,35.66396692613999,22.05922547817963,159.7212403916898,60200
"   860 Ursina (A917 BE)",860,2.797299690191519,.1083961540384723,13.28828759088479,309.2439383903709,21.61290945405381,75.64266802744932,60200
"   861 Aida (A917 BF)",861,3.141231254879199,.09969268977402122,8.055636198381286,114.9448984398933,192.3791489250437,226.8404359729477,60200
"   862 Franzia (A917 BG)",862,2.803214827099384,.08316153795461137,13.88457554424342,299.9890278107207,120.3516415026515,306.5975192522592,60200
"   863 Benkoela (A917 CG)",863,3.200994119383116,.02763561479544466,25.4114533556401,116.9071343716363,98.55122611704196,137.5455266172697,60200
"   864 Aase (A921 SB)",864,2.208705242122397,.190804715577725,5.449873395680617,163.089153608386,194.0643154838481,28.48668864699074,60200
"   865 Zubaida (A917 CH)",865,2.416172466126371,.1953057991075977,13.35463938784966,176.8849169211063,302.1807152735774,146.5193676745594,60200
"   866 Fatme (A917 DG)",866,3.12584522174603,.05240166779897622,8.659695393734896,91.03369698121622,264.4883984935851,247.2480767112624,60200
"   867 Kovacia (A917 DH)",867,3.070148903837843,.120629850193661,5.984577983165966,46.30817585195261,72.45246347823856,331.0966619807127,60200
"   868 Lova (A917 HB)",868,2.704672242005658,.1463788990734255,5.836053940747329,115.7562171338791,286.8926945540381,130.1583246094688,60200
"   869 Mellena (A917 JB)",869,2.690303178675777,.2191297683559155,7.837716370654503,154.8654751841397,107.0882458384277,358.4485004768638,60200
"   870 Manto (A917 JC)",870,2.322304160965265,.264386340925564,6.191529673038374,120.7854424316289,197.001457544947,317.966777164792,60200
"   871 Amneris (A917 JD)",871,2.221854406006027,.1203526059636816,4.253034230534083,157.9878156436478,66.14388540799908,34.16723548521134,60200
"   872 Holda (A917 KH)",872,2.732370740449859,.07980682522131451,7.38543564141084,194.6630111356469,20.52606443541783,212.4727957116621,60200
"   873 Mechthild (A917 KJ)",873,2.627889246653448,.1485592880078244,5.276429754789029,149.9941051969677,109.6971455319422,326.3453976497663,60200
"   874 Rotraut (A917 KK)",874,3.154757405115356,.07963940315697877,11.13931053828087,190.6121197947929,8.65769460253942,23.79184323932133,60200
"   875 Nymphe (A917 KG)",875,2.553528642193613,.1507526246391407,14.57033295680828,196.0296947518618,117.273036485415,311.6509817438796,60200
"   876 Scott (A917 MB)",876,3.010728913619654,.1157489396559484,11.35126862178417,150.8874224123205,210.5713466045158,42.9629579366766,60200
"   877 Walkure (A915 RV)",877,2.487649183491393,.1591612267094639,4.254402664115679,116.3589541533951,275.8401013451233,164.2146099564573,60200
"   878 Mildred (A916 RC)",878,2.361138525328337,.2262688861775635,2.066682758175541,172.8098058191278,190.1493534733832,185.4380706071304,60200
"   879 Ricarda (A917 OB)",879,2.530521691061307,.1553041346885528,13.68213766519842,269.7935506830148,96.64235475915187,83.62212302630608,60200
"   880 Herba (A917 OC)",880,2.99848948155559,.3230818394378418,15.13745316585654,262.5727027068506,100.8488335481783,115.1254415846374,60200
"   881 Athene (A917 OD)",881,2.613659752442635,.2059962424900283,14.18937356577956,276.9934884181494,41.61221956025641,40.97373205593114,60200
"   882 Swetlana (A917 PB)",882,3.125044508615307,.2683336565601893,6.128748911840528,256.2490065351317,126.3751041844575,6.174981701337765,60200
"   883 Matterania (A917 RD)",883,2.238618936619452,.1983433420407326,4.713056970044727,285.4564960748577,42.42705633177918,256.857023431912,60200
"   884 Priamus (A917 SU)",884,5.203132356615543,.1254226260874805,8.898876898275486,301.5173033232637,336.9525229000108,63.54890470733785,60200
"   885 Ulrike (A917 SV)",885,3.097475078845701,.1834912909226652,3.307256367479664,148.8895547053346,204.0851806698698,175.1751575176908,60200
"   886 Washingtonia (A917 WA)",886,3.166694993183365,.2711951830714572,16.8737676645773,58.8463612127571,302.3832111274561,311.1920054566804,60200
"   887 Alinda (A918 AA)",887,2.472288994691521,.5708919615934489,9.397962965507061,110.4230726608734,350.4737037174249,238.7605395646927,60200
"   888 Parysatis (A918 CE)",888,2.707489304054785,.1953016794458433,13.85197800962006,123.9296877704875,298.0416986071646,279.7359030744321,60200
"   889 Erynia (A918 EN)",889,2.445804540887637,.2038527909820753,8.107115249766673,132.5201903935781,278.5519045747878,291.6600255479983,60200
"   890 Waltraut (A918 EO)",890,3.022765023696625,.05948088496355762,10.87608197906145,160.529702011951,87.22765862913558,305.5313511813669,60200
"   891 Gunhild (A918 KB)",891,2.860032672705419,.02632449949333249,13.54544927525649,105.8038224584172,294.9243687932329,114.4132557241025,60200
"   892 Seeligeria (A918 KC)",892,3.226199790882942,.105178689188096,21.32980196530711,175.881728159199,285.911609636845,166.9942342318454,60200
"   893 Leopoldina (A918 KD)",893,3.052505372417708,.1461574253366302,17.03579646769293,144.920560254284,222.7385460904968,153.4377803490015,60200
"   894 Erda (A918 LA)",894,3.116915987505744,.1101139275451564,12.73790028785992,190.5903463282457,116.9063497883818,4.339316082258162,60200
"   895 Helio (A918 NA)",895,3.207361014800353,.1439441084471866,26.06727330013529,264.5558000104501,177.053292892034,329.5259138557349,60200
"   896 Sphinx (A918 PE)",896,2.284677416775918,.1644404494356066,8.198149719172497,254.0758940149907,2.19296179637837,193.804491193558,60200
"   897 Lysistrata (A918 PF)",897,2.54153875451702,.09364373308731022,14.32785848651577,257.9449671634876,23.97539275177586,.7845266467543589,60200
"   898 Hildegard (A918 PG)",898,2.727774393975011,.372269101693591,10.09880927641886,241.4849521911013,49.83720258942744,119.8241763741851,60200
"   899 Jokaste (A918 PH)",899,2.906641977927224,.2021378932645159,12.4754085238162,252.3526442613201,127.2753181290071,27.63845795369851,60200
"   900 Rosalinde (A918 PJ)",900,2.473307926096619,.162316414894654,11.56004346924834,182.2390892144028,122.0829432165509,17.15513427445869,60200
"   901 Brunsia (A918 QA)",901,2.224631974264258,.22056715002238,3.445263409541067,265.0347735374165,68.34610904251686,243.1734604773534,60200
"   902 Probitas (A918 RG)",902,2.4467563096693,.179396304672587,6.34727586312586,353.0450500832446,28.26186469083996,140.0548168632621,60200
"   903 Nealley (A918 RH)",903,3.236667350611989,.04647676395785254,11.78211070392356,159.3825559160043,234.0186786134382,310.5867274609844,60200
"   904 Rockefellia (A918 UC)",904,2.993224756284594,.08498077335692465,15.18485459730603,197.7913318373849,253.9734579106087,44.05501627661232,60200
"   905 Universitas (A918 UE)",905,2.215693639042303,.15310873413847,5.323009156026553,37.12011101590589,343.3986988878988,297.0809695109219,60200
"   906 Repsolda (A918 UF)",906,2.89311712796862,.08538039900952051,11.78460380079565,40.06724914495931,293.3985674340711,162.477648498484,60200
"   907 Rhoda (A918 VA)",907,2.799840026760377,.1637295795475193,19.53310877979592,42.92359450767751,88.48907887431139,75.98912367350015,60200
"   908 Buda (A918 WD)",908,2.47449697320203,.147074877248907,13.41474270912347,85.48407691639206,23.05179199394946,302.0772720123909,60200
"   909 Ulla (A919 CA)",909,3.549664733654828,.09289611575225447,18.77661985296333,146.3243693250903,231.7932443449469,358.6161618981102,60200
"   910 Anneliese (A919 EC)",910,2.922584711171594,.1562356589387371,9.215559244138538,49.79310120967232,207.7798835309692,218.1738978115094,60200
"   911 Agamemnon (A919 FB)",911,5.283366564441947,.06761083432108639,21.76124402398755,338.0115093263072,81.73867652764282,37.95910390586478,60200
"   912 Maritima (A919 HC)",912,3.128805653303608,.179149343688501,18.31411490151887,33.43132987676834,91.36547075210098,22.11926941920386,60200
"   913 Otila (A919 KD)",913,2.197614106699239,.1703070275084307,5.804336931969718,94.91094186058932,188.513503599419,332.6848510361605,60200
"   914 Palisana (A919 NC)",914,2.457728763521207,.2142270201388171,25.20643966214476,255.7686880714677,49.14120556208937,16.23691223236153,60200
"   915 Cosette (A918 XB)",915,2.227894355448385,.1392726861835396,5.546273139945463,9.263923756154446,39.65697063379049,210.2779220842389,60200
"   916 America (A915 PE)",916,2.365200312332735,.236581326345422,11.09345357438287,329.7448466197347,41.68245258629229,230.4713657521569,60200
"   917 Lyka (A915 RR)",917,2.380823901992584,.2007916626825102,5.12574044029884,343.3822178119592,359.7502555726697,143.9911079436154,60200
"   918 Itha (A919 QD)",918,2.864715003717831,.1889323951285569,12.07065578136075,330.4429218164933,15.27221112750876,157.7356607065583,60200
"   919 Ilsebill (A918 UD)",919,2.771580416231687,.08426019057344385,8.167362890194516,229.8065559932865,156.5238679637407,270.5200766471228,60200
"   920 Rogeria (A919 RC)",920,2.622268220745468,.1048971838574346,11.59500423966682,192.6164418482652,270.3467026889305,79.39558201553086,60200
"   921 Jovita (A919 RD)",921,3.165212092614428,.1860396674782537,16.36225761881844,204.7962769771132,70.15164149801319,181.6861484955593,60200
"   922 Schlutia (A919 SJ)",922,2.689572840877995,.19310708913951,7.30138568166478,205.1068062521466,126.6134996637991,222.5596398723622,60200
"   923 Herluga (A919 SK)",923,2.616248963765377,.1945564170397452,14.46538795350595,197.453470511511,201.4928425382144,187.6809076617122,60200
"   924 Toni (A919 UF)",924,2.94022473827591,.1533023439775417,8.985767917347591,150.179079058584,220.3486597912169,230.1389819523972,60200
"   925 Alphonsina (A920 AA)",925,2.700063732959679,.08106590661930332,21.09843581527948,299.513646559172,201.5547233928997,108.5093017851071,60200
"   926 Imhilde (A920 CB)",926,2.982460980175837,.1823283383753992,16.32277492732785,48.95609728847164,173.4326271397373,327.4803981953756,60200
"   927 Ratisbona (A920 DB)",927,3.2150806431428,.09300586940102783,14.64212877830593,7.373589385631753,173.0237254157944,290.8895819895117,60200
"   928 Hildrun (A920 DC)",928,3.138484229937847,.1461428710508074,17.63402008809831,129.8008157822106,21.71118039768305,222.6426487212147,60200
"   929 Algunde (A920 ED)",929,2.238091538865559,.1142306323609497,3.916523481984691,231.2997480338422,23.03922487658398,242.3402472895999,60200
"   930 Westphalia (A920 EE)",930,2.431280555007169,.1426471171968115,15.33515336951041,340.9296077109,330.2767922748628,344.0180008738232,60200
"   931 Whittemora (A920 FB)",931,3.169119850173639,.233722314726546,11.48465885382284,110.9660342714901,315.4640043643562,190.0807582237578,60200
"   932 Hooveria (A920 FC)",932,2.419257210683378,.0914829081115745,8.114294087600312,14.94617031590091,49.85950147831098,285.8561394505787,60200
"   933 Susi (1927 CH)",933,2.367263263891004,.1665953940773422,5.542755898933506,141.4175729383555,12.90620506543806,172.2731886158857,60200
"   934 Thuringia (A920 PA)",934,2.750075692614109,.2159401119938004,14.07961646581126,325.373813235952,64.42220732182821,173.0304970855692,60200
"   935 Clivia (A920 RA)",935,2.218895722829653,.1464771665914359,4.020973240484464,346.3713857299552,58.3105116717957,14.00027004267122,60200
"   936 Kunigunde (A920 RB)",936,3.134249020910919,.1749170182399719,2.365621232283067,62.14823623690877,253.6705651352583,221.9496141050276,60200
"   937 Bethgea (A920 RD)",937,2.231647870935979,.2169222996941377,3.696024015704229,243.5296435273913,72.56376253954535,344.6287344570287,60200
"   938 Chlosinde (A920 RC)",938,3.14852544339341,.1949655361012373,2.669406839454239,119.0464638293854,225.1945310258812,118.0842543774186,60200
"   939 Isberga (A920 TD)",939,2.247243269361975,.1765427101220484,2.582931866924625,327.0504008060396,6.155811228844443,229.8016365503857,60200
"   940 Kordula (A920 TE)",940,3.368888059421159,.169789411158549,6.241247626761755,66.28128085719462,283.94226871,232.2234279573331,60200
"   941 Murray (A920 TF)",941,2.782775911407989,.196454139264842,6.628248608683633,52.26369433273243,334.4863686494939,54.65550387149511,60200
"   942 Romilda (A920 TG)",942,3.163008525832931,.1657461852572953,10.53903224448102,71.16212202797425,319.6997587676383,108.0206462122463,60200
"   943 Begonia (A920 UA)",943,3.115041511644299,.2139871580804872,12.11093649922308,113.7478317475085,3.869250645287368,165.7780967360021,60200
"   944 Hidalgo (A920 UB)",944,5.728489021481399,.6618322422373577,42.5790787649256,21.44298227461608,56.49774321926142,128.0107689403918,60200
"   945 Barcelona (A921 CB)",945,2.637307946396537,.1605179101221006,32.84269107671972,318.2300075221234,162.5449121515049,353.5102529497761,60200
"   946 Poesia (A921 CD)",946,3.115856358108185,.143390009978998,1.431312106638269,69.65554768352865,37.44398845929103,245.6973071256768,60200
"   947 Monterosa (A921 CC)",947,2.752960912544125,.247653812279694,6.697320156231758,48.25804522157533,339.3445675775307,260.7304330215692,60200
"   948 Jucunda (A921 EL)",948,3.030227637643164,.1632630147864145,8.654526711566291,357.0814450778653,162.91344805488,142.2567319390493,60200
"   949 Hel (A921 EM)",949,2.998790226406758,.1991626075922753,10.63348110435964,320.6743879347904,251.105049889191,223.7254991385053,60200
"   950 Ahrensa (A921 GG)",950,2.371332449056181,.1594399790267041,23.50239985421468,181.7277347182976,348.6531219265739,34.10071668697304,60200
"   951 Gaspra (A916 OJ)",951,2.210065609695549,.1733432440228766,4.105528922720474,252.9927834450081,129.8792754438066,173.1011480231598,60200
"   952 Caia (A916 US)",952,2.991337479346955,.2442945073810012,9.992376173562203,18.39531259155225,356.7023634630185,256.2831756058957,60200
"   953 Painleva (A921 HB)",953,2.788060527690251,.1892062791706889,8.660122620154722,36.37960032759465,259.7067411408453,297.8803905930993,60200
"   954 Li (A921 PC)",954,3.126817371712264,.174033312472857,1.172801855558502,163.2236352282816,150.4326706452497,138.3264863502139,60200
"   955 Alstede (A921 PD)",955,2.593805892798886,.2886416598435224,10.6891334624479,351.4239176377758,282.4394051575047,186.9623588333419,60200
"   956 Elisa (A921 PE)",956,2.297337754047041,.2052773787600897,5.96533939043086,192.6213898935784,125.3380353552157,115.7043167058475,60200
"   957 Camelia (A921 RF)",957,2.920294829698626,.08175418191470643,14.76125196775193,232.6338289352512,226.2365081511054,74.62997063918409,60200
"   958 Asplinda (A921 SD)",958,3.996027231976997,.1840082739789647,5.624068388122602,343.1088601223933,92.06217439085174,302.4541217549799,60200
"   959 Arne (A921 SE)",959,3.174163022271773,.2224931281310243,4.499027296973368,58.50055560405268,333.6712283307504,295.7693544340719,60200
"   960 Birgit (A921 TG)",960,2.247706533448329,.1658632477538529,3.027597709215914,249.0974158165834,87.9762175102129,114.5601288121845,60200
"   961 Gunnie (A921 TH)",961,2.694682523241735,.09285335630015294,10.99318435763571,26.59683419885626,285.521873455999,89.15356571515035,60200
"   962 Aslog (A921 UJ)",962,2.907258612724421,.09678006136212818,2.604684432508054,145.4386436337863,224.7476625794308,224.1996969406696,60200
"   963 Iduberga (A921 UK)",963,2.247436307633047,.1373396760905667,7.984962233562261,62.41694443226599,5.262680901418521,57.94458084703068,60200
"   964 Subamara (A921 UL)",964,3.05014897633892,.1187744829711246,9.055742331905382,30.60517824926247,8.143957903797139,32.62783483693855,60200
"   965 Angelica (A921 VB)",965,3.1617363398001,.2766303219149955,21.43013307448877,41.0691790286314,47.04828518167935,13.07785455657643,60200
"   966 Muschi (A921 VD)",966,2.717885962988106,.1300670894538262,14.4132733691017,72.3946591893631,178.0754454070253,67.71578649902109,60200
"   967 Helionape (A921 VE)",967,2.225598397987314,.1679297131359168,5.411684710041995,82.33077472392328,231.9590158092589,330.650608854961,60200
"   968 Petunia (A921 WJ)",968,2.872946610038507,.1327603072189201,11.60924626231809,208.7658245900946,297.4401919262926,259.5209590738943,60200
"   969 Leocadia (A921 VC)",969,2.462817530488973,.2056299777239705,2.290296881896076,287.714009068217,91.21888166195575,145.78238703597,60200
"   970 Primula (A921 WK)",970,2.558438334374795,.2726429425546939,5.033735726666106,310.7489332808242,95.5908003650046,306.3537515788898,60200
"   971 Alsatia (A921 WH)",971,2.638958962475917,.1634594551553281,13.7949643435136,83.48077759671912,6.396362888716575,231.7913516388013,60200
"   972 Cohnia (A922 BD)",972,3.055726824805128,.235664294594939,8.369605933814411,281.4304800846327,93.24579116988166,54.48628304134666,60200
"   973 Aralia (A922 FB)",973,3.209048042008364,.1128967948830318,15.83162351877035,348.44018199618,87.38787617863116,269.8076332488334,60200
"   974 Lioba (A922 FC)",974,2.534375840863665,.1097067018037389,5.452663243370228,86.63247918196343,302.2598807175057,181.0657565103801,60200
"   975 Perseverantia (A922 FE)",975,2.833152956662043,.03416035301338421,2.55524460085959,38.66419736646824,58.38203403187232,180.6259073216835,60200
"   976 Benjamina (A922 FD)",976,3.191776624071654,.109530079834719,7.726437888716418,242.9912878383979,321.5878266873033,248.730540450653,60200
"   977 Philippa (A922 GA)",977,3.117484685964722,.02486280193241366,15.17523532188459,75.70622399523623,70.47129203205371,212.5902765343374,60200
"   978 Aidamina (A922 KE)",978,3.20479297045198,.2309376323085693,21.60717264065457,216.5179667989712,132.7357654600701,172.4921525409057,60200
"   979 Ilsewa (A922 MA)",979,3.155030659740836,.1384682528400399,10.11560859792114,230.5857208799463,115.8667829672737,333.8525351467459,60200
"   980 Anacostia (A921 WG)",980,2.740691354327393,.2022207415728188,15.89555540725181,285.7835778013871,69.7379043986476,163.0248018748177,60200
"   981 Martina (A917 SW)",981,3.097292283440124,.2015712655104092,2.062769445081887,45.99391567439825,297.9713981148203,166.5605385861197,60200
"   982 Franklina (A922 KF)",982,3.069005981843476,.2332155973629385,13.64786487161044,299.1539500065261,350.8574991010408,255.58936299934,60200
"   983 Gunila (A922 OD)",983,3.158732058891573,.09075618592510867,14.86892266798609,250.6671097008019,348.4356943301559,59.84512559370682,60200
"   984 Gretia (A922 QD)",984,2.805207847283804,.1953649512122337,9.093360508617756,314.1583663712609,55.20867389627337,167.4554013812331,60200
"   985 Rosina (A922 TC)",985,2.299631579122195,.2772882273423241,4.057013416471747,290.2629096959894,59.7279788699845,354.4796962537782,60200
"   986 Amelia (A922 UA)",986,3.131894955132734,.203535829510037,14.81550383843109,92.50339317677938,265.0757643629425,64.62158064652152,60200
"   987 Wallia (A922 UB)",987,3.138126712428702,.2378197880946722,8.905053993906568,322.5694448381309,16.00742557417416,63.17127765286855,60200
"   988 Appella (A922 VC)",988,3.14323489889501,.2379006199198258,1.574346811098997,41.71662605063037,336.8591486104267,13.80897463885796,60200
"   989 Schwassmannia (A922 WD)",989,2.660627204460703,.2496998583607571,14.69038123307869,243.3048657852768,165.5567589953677,87.66445621575716,60200
"   990 Yerkes (A922 WE)",990,2.667125191657604,.2179753987305368,8.786959169218267,353.933787414502,9.288490114739764,85.07040547945138,60200
"   991 McDonalda (A922 UC)",991,3.139924925402084,.1615228092941127,2.069801166592394,63.19366695771804,254.0195923709303,92.23881271502391,60200
"   992 Swasey (A922 VD)",992,3.023573683002498,.08976568144681221,10.89237977666611,211.8621597277841,348.7036637575517,255.9890827050066,60200
"   993 Moultona (A923 AB)",993,2.864345395723079,.0486512702872615,1.781926641684427,184.2277738069921,245.9515638598685,323.1562822806263,60200
"   994 Otthild (A923 FB)",994,2.529793865538636,.1157356726277994,15.41742577651238,2.313181646196156,342.0808891719535,188.6741915061889,60200
"   995 Sternberga (A923 LC)",995,2.615695122318593,.1679936535120127,13.05264377838061,221.6675944691684,122.1320434987323,192.434002601765,60200
"   996 Hilaritas (A923 FC)",996,3.08766340481589,.1394744126765162,.6586989074111903,347.3627806726247,146.4392752911623,206.7041077955641,60200
"   997 Priska (A923 NC)",997,2.669145033448095,.1818570899302871,10.50623347403068,247.0636814990463,51.46576659262859,344.1737862643286,60200
"   998 Bodea (A923 PC)",998,3.118984810460427,.2148520915646489,15.50078477961016,301.1289488963092,71.97807650952625,16.0489348152671,60200
"   999 Zachia (A923 PE)",999,2.613135321078554,.2161329023471043,9.756485462642829,214.8991433701326,127.8802520721903,239.3119317535699,60200
"  1000 Piazzia (A923 PF)",1000,3.169820169764079,.2580470846059954,20.58551239288816,323.7167171379549,280.4598517977362,267.9096507322983,60200
"  1001 Gaussia (A923 PD)",1001,3.211589241639995,.1222934650327917,9.314850400512126,259.1058036710097,146.0364073523691,133.9751281873884,60200
"  1002 Olbersia (A923 PJ)",1002,2.78668439220902,.1539267793564563,10.77316589766628,343.7131458815497,354.9019184798898,171.4587995202526,60200
"  1003 Lilofee (A923 RV)",1003,3.137904483694505,.1603972615251826,1.840445734824625,139.4438717373183,316.7599824341812,241.7067279904666,60200
"  1004 Belopolskya (A923 RR)",1004,3.399241995959307,.08951406360473924,2.979845874283355,153.5282640590771,214.9643380385858,339.8840633320117,60200
"  1005 Arago (A923 RS)",1005,3.164860501837988,.1196525902363338,19.06034545154614,349.1298814193731,60.76393857100648,231.1555387361822,60200
"  1006 Lagrangea (A923 RU)",1006,3.138933460582869,.3586176736737657,10.92219315968505,294.5438479316673,86.33431231881096,312.4275670356699,60200
"  1007 Pawlowia (A923 TD)",1007,2.708292604525567,.1092151560194186,2.541011033130907,307.0682965372198,76.87858302033023,152.4010738447408,60200
"  1008 La Paz (A923 UD)",1008,3.093152301266187,.07298779225475845,8.932000567480751,20.20917013235524,15.80557618565134,108.6565060866715,60200
"  1009 Sirene (A923 UE)",1009,2.629389845031764,.4528749144762718,15.71650664119563,229.2791963880721,186.5680848339435,160.5258581053067,60200
"  1010 Marlene (A923 VH)",1010,2.93004246735163,.1051951791957627,3.907209940069115,98.72473336548259,279.7355598687402,338.162951124885,60200
"  1011 Laodamia (A924 AC)",1011,2.395246594691993,.3486986846952257,5.48802530405099,132.4679992812353,353.1583381391303,314.1390270543397,60200
"  1012 Sarema (A924 AD)",1012,2.478868371374262,.1362691573217263,4.029568172613314,73.14958719187572,25.63164505137403,189.8400659090253,60200
"  1013 Tombecka (A924 BL)",1013,2.682805605649428,.2090301817315635,11.90030746080404,27.2306307723635,99.49377687857226,229.0242378030575,60200
"  1014 Semphyra (A924 BM)",1014,2.800043029628257,.2038370145503961,2.264943496425377,251.4643176305635,234.59232437,73.26491010867466,60200
"  1015 Christa (A924 CF)",1015,3.205862223941684,.08896570179330365,9.445856417704235,120.1195026284254,286.8548912519236,215.1638827295738,60200
"  1016 Anitra (A924 CG)",1016,2.219601977003047,.1274041507985771,6.03594903065264,8.816914641886651,53.13097247099502,112.0721916717845,60200
"  1017 Jacqueline (A924 CH)",1017,2.608615394163826,.07634179514795239,7.920924321896345,118.8192936948268,69.20388905798265,212.9835058457399,60200
"  1018 Arnolda (A924 ET)",1018,2.54166010413409,.2447874961858435,7.633930455351839,359.6076367191238,343.3180758482793,19.10387444170131,60200
"  1019 Strackea (A924 ES)",1019,1.911862368566118,.07108342098866899,26.9757220534542,144.380638174484,122.1780932926735,130.9035035963768,60200
"  1020 Arcadia (A924 EU)",1020,2.788812309086859,.04282792483590149,4.059888564049361,180.6689324833949,36.06845822920732,82.90984989838104,60200
"  1021 Flammario (A924 EW)",1021,2.738411022274649,.2843592603767296,15.85846430410205,115.4124015990436,286.6481307030024,86.48375361001987,60200
"  1022 Olympiada (A924 MB)",1022,2.804860750148636,.1732726988285193,21.05519950341165,111.9473085121567,124.7530612056606,70.027129999623,60200
"  1023 Thomana (A924 MC)",1023,3.170875203479361,.09628944276821286,10.06275166238063,193.9129336618088,195.9400072586453,129.5306564268717,60200
"  1024 Hale (A923 YO13)",1024,2.870096881181168,.2214361811309851,16.06785145687805,58.78633839670152,308.142407609691,219.0160506757124,60200
"  1025 Riema (A923 PG)",1025,1.978858426009182,.03965174119342595,26.87068748868216,163.3569035688685,349.1301242508731,161.0647463000095,60200
"  1026 Ingrid (A923 PH)",1026,2.254245277271005,.1815732822233721,5.398817205029548,104.5581804028404,212.3406065456232,213.2223756210682,60200
"  1027 Aesculapia (A923 YO11)",1027,3.152491158900217,.1282065966698947,1.252864706335794,29.35239898800496,131.7677299805209,184.6178823925486,60200
"  1028 Lydina (A923 VF)",1028,3.415347532402867,.1046698150618751,9.394423483498917,62.73024008209967,22.6194746158674,302.506256722566,60200
"  1029 La Plata (A924 HB)",1029,2.888806456912394,.0275878367714097,2.424602889393014,29.87376782838139,138.9609290264293,132.6142739806927,60200
"  1030 Vitja (A924 KD)",1030,3.121092985326786,.1227496629016941,14.77622878014688,187.805238354505,5.204686528007903,37.8161173074267,60200
"  1031 Arctica (A924 LC)",1031,3.04543447464639,.05970963778927824,17.63841508461947,218.6187415635359,310.4234440959665,324.1414835942114,60200
"  1032 Pafuri (A924 KE)",1032,3.130988252533412,.1411822742010369,9.479544829323279,76.29358498290355,188.8984880634927,313.7784049742129,60200
"  1033 Simona (A924 RH)",1033,3.001429477557888,.1193423322946575,10.66676407070885,188.940700408014,217.176193052387,326.0822829562692,60200
"  1034 Mozartia (A924 RK)",1034,2.292628666977181,.2632230723360422,3.970085724051041,304.4755099964814,18.84076481684802,207.7476403718953,60200
"  1035 Amata (A924 SF)",1035,3.152238382040612,.1895124664383922,18.00441548161612,1.860557677954052,325.048515896727,303.8139535427865,60200
"  1036 Ganymed (A924 UB)",1036,2.665809142024718,.5329372598387533,26.68740576451237,215.4976032880725,132.4774028010085,276.417166432453,60200
"  1037 Davidweilla (A924 UC)",1037,2.254384661046086,.1911338646936623,5.902607519277731,200.6454978334564,169.6423041089559,92.57214652340861,60200
"  1038 Tuckia (A924 WO)",1038,3.980265103548414,.2220721274555414,9.187428294619565,57.69850865113843,305.2334148587109,253.3916213570717,60200
"  1039 Sonneberga (A924 WP)",1039,2.68025953891908,.06099973346749668,4.553286633706053,221.6494155351,326.1002112214294,56.87530938995029,60200
"  1040 Klumpkea (1925 BD)",1040,3.117766574329074,.1882172243099339,16.6522921012929,279.9561653262555,157.4806849091718,3.379352028739059,60200
"  1041 Asta (1925 FA)",1041,3.07086842310296,.145575738782978,13.93914471403563,59.97516867490562,344.2662627889042,245.9222118217716,60200
"  1042 Amazone (1925 HA)",1042,3.23702225263077,.0874878911849148,20.70961417445367,52.38488159033003,298.8349848766148,230.9284217841865,60200
"  1043 Beate (1925 HB)",1043,3.094074972828759,.03802390027242055,8.921406026846594,159.1704057543799,158.3145167759851,289.8818262402392,60200
"  1044 Teutonia (A924 JD)",1044,2.576415502924955,.1435004790637882,4.249007724426633,59.92585518821917,228.1045870657693,312.2534382669091,60200
"  1045 Michela (A924 WN)",1045,2.359021364785103,.1582165402822054,.2636111015361852,267.2055335419436,167.2548602082192,84.32962353057489,60200
"  1046 Edwin (A924 XF)",1046,2.983602141874316,.06014579352570984,7.909580236740802,10.48380116207134,49.29418277525394,74.85437714509135,60200
"  1047 Geisha (A924 WM)",1047,2.241380691859271,.1924124314496455,5.664989430549856,78.18532124739779,300.2718614645201,183.5021072792383,60200
"  1048 Feodosia (A924 WQ)",1048,2.736854443064929,.1805201240616584,15.8315355900125,52.6522743244729,184.5101996940508,154.7728565661421,60200
"  1049 Gotho (1925 RB)",1049,3.091924281486317,.1378324711566662,15.11127965327926,342.8415085677387,41.04833033908059,333.8658292359853,60200
"  1050 Meta (1925 RC)",1050,2.625385079914931,.1787486514150388,12.49553951532515,342.3061942523504,66.05693930504215,336.947651919129,60200
"  1051 Merope (1925 SA)",1051,3.212046786449273,.1007073216012639,23.51439412653746,180.6947902415578,153.6664640732189,6.923377940604922,60200
"  1052 Belgica (1925 VD)",1052,2.236018188767638,.1433335772279865,4.695821663720523,99.54558310258417,297.6345935014949,107.9507048450035,60200
"  1053 Vigdis (1925 WA)",1053,2.614506899609806,.09552630633822289,8.34142785682911,17.55226420741171,41.22143596106358,27.64796077582932,60200
"  1054 Forsytia (1925 WD)",1054,2.922605362358192,.1344773577155609,10.87111874128108,85.74248567391433,295.9216989352642,236.969301349094,60200
"  1055 Tynka (1925 WG)",1055,2.198651790348005,.2083940278212005,5.277659208746982,147.099899939535,176.6978950515641,74.45682769041653,60200
"  1056 Azalea (A924 CE)",1056,2.229303040776286,.1784326674488896,5.427625666461414,104.1071183072313,212.3864182830164,157.4592050429037,60200
"  1057 Wanda (1925 QB)",1057,2.892129896179651,.2475596851776299,3.542074657476302,257.8426685412134,114.9086439761427,303.7535497586649,60200
"  1058 Grubba (1925 MA)",1058,2.196676216918668,.1873431467972731,3.692806957069659,221.7043794456273,94.59872249136701,34.97395063307027,60200
"  1059 Mussorgskia (1925 OA)",1059,2.642337945432669,.1872033019690487,10.09412438106702,200.3146784717297,87.91659109389389,316.0372846086273,60200
"  1060 Magnolia (1925 PA)",1060,2.237363374086589,.2026167715384855,5.921706079614525,221.0932659393255,84.75513078478576,120.0178000810449,60200
"  1061 Paeonia (1925 TB)",1061,3.12277212670328,.2174900282010376,2.499651314416297,90.90055763887831,306.4910452022481,246.2308395969081,60200
"  1062 Ljuba (1925 TD)",1062,3.003745074091476,.07110528056941741,5.596062409112046,341.3672049128555,100.4525033509405,238.1247461134555,60200
"  1063 Aquilegia (1925 XA)",1063,2.313879958513113,.03972165670567276,5.973881173920189,95.30751454583532,106.1933841227943,140.7597120800743,60200
"  1064 Aethusa (1926 PA)",1064,2.5431893912914,.1762449959543756,9.502053551303597,280.5349533156132,20.45980482689672,340.3302325051145,60200
"  1065 Amundsenia (1926 PD)",1065,2.361390697300454,.2966679759303001,8.361152671812789,330.3141487206796,353.6613683760746,276.5244643032403,60200
"  1066 Lobelia (1926 RA)",1066,2.402854898450708,.2088349769935323,4.81758972753256,345.0128932287508,17.31925317574368,8.305882826511922,60200
"  1067 Lunaria (1926 RG)",1067,2.868731352604767,.1933745916092588,10.55214155807017,289.5568159313243,114.9832887510143,308.9637211069336,60200
"  1068 Nofretete (1926 RK)",1068,2.90770595561091,.09736289264395888,5.488699555818298,318.6044883310524,265.9385233347605,329.3093032054034,60200
"  1069 Planckia (1927 BC)",1069,3.126903220147165,.1093995712267025,13.56182895527982,142.3507291208727,30.98007844889937,109.2388427290399,60200
"  1070 Tunica (1926 RB)",1070,3.232041206250833,.08017111666486586,16.9626097265582,165.2733435395152,191.2073890273411,271.2098052176351,60200
"  1071 Brita (A924 ER)",1071,2.80100523923221,.1109676827525465,5.361374361023208,52.47192801645005,29.21647553881864,160.4670131473552,60200
"  1072 Malva (1926 TA)",1072,3.169386040216766,.237577135879092,8.022333788137614,36.92257325085816,25.28696918078343,20.86097817929139,60200
"  1073 Gellivara (A923 RW)",1073,3.185911299201808,.1872246146147214,1.598169508799663,39.53898353834028,289.7941331672903,268.5064381458957,60200
"  1074 Beljawskya (1925 BE)",1074,3.147910293370322,.1808032144118026,.7999101193978537,38.09660308896631,22.61246700740749,259.3908276590313,60200
"  1075 Helina (1926 SC)",1075,3.015391207060057,.1092899747990774,11.53018788934775,100.7099708880372,250.9491737265868,210.5443803753027,60200
"  1076 Viola (1926 TE)",1076,2.47299173354196,.1468402156145759,3.320863457110846,143.6010073402655,304.3407105109743,267.6811643731304,60200
"  1077 Campanula (1926 TK)",1077,2.391582214494668,.1977941664662512,5.390698706369587,346.1020942005438,13.7514384705725,84.19560862806097,60200
"  1078 Mentha (1926 XB)",1078,2.269901552071968,.1378572205686021,7.364359252392514,93.75842128860143,44.37496618258344,55.26196507888183,60200
"  1079 Mimosa (1927 AD)",1079,2.876247192221199,.04700729005918725,1.170026947683208,329.0952790703429,102.462918621007,342.3835227900643,60200
"  1080 Orchis (1927 QB)",1080,2.420742336457669,.2571846585195066,4.587292116987324,1.965488423764798,56.97765356902691,134.6918167744354,60200
"  1081 Reseda (1927 QF)",1081,3.096077188568057,.1486885711276972,4.189045959238221,30.29834696736162,9.397327219359621,203.1145941135352,60200
"  1082 Pirola (1927 UC)",1082,3.122643973967575,.1795281013332416,1.854863432482654,147.9394523301682,186.5172565557601,164.6492142952674,60200
"  1083 Salvia (1928 BC)",1083,2.32906887920095,.1814867586330229,5.131950789197444,80.7273230875832,32.3851390997114,341.9650749838582,60200
"  1084 Tamariwa (1926 CC)",1084,2.688781795362074,.1320123962025228,3.897065745113647,186.7957924528884,109.3236193598858,255.0407049028201,60200
"  1085 Amaryllis (1927 QH)",1085,3.183311032298552,.04133434756470621,6.640185727895362,139.9559153999741,130.0379295119069,59.23236477339974,60200
"  1086 Nata (1927 QL)",1086,3.165423713860404,.05281013196513389,8.350560611901898,313.1799563865484,156.0945431414876,264.7438217312757,60200
"  1087 Arabis (1927 RD)",1087,3.014592459605939,.08913797011769801,10.06566181109835,30.13267953771935,25.86434075643711,67.1765019287043,60200
"  1088 Mitaka (1927 WA)",1088,2.201591158021978,.1956828158499244,7.652832334180379,54.4561059572082,319.5745718149774,144.6599722944335,60200
"  1089 Tama (1927 WB)",1089,2.213677935983504,.1273633760825876,3.727101122854834,71.4488590186244,354.3190961023635,21.00871191005498,60200
"  1090 Sumida (1928 DG)",1090,2.358511908671054,.2209339106351225,21.53829887038214,147.9447442003462,338.0895444084634,149.3810239799152,60200
"  1091 Spiraea (1928 DT)",1091,3.418135435888271,.07071395066168254,1.152356518924695,80.83043091829563,12.7244927975714,92.69725648215356,60200
"  1092 Lilium (A924 AE)",1092,2.900520061409538,.0843227353860511,5.391462905171871,307.4360751007109,314.6962594672397,281.5612131671518,60200
"  1093 Freda (1925 LA)",1093,3.132065897591071,.2702612709471238,25.1942013288125,55.59147844755796,251.2375076373564,207.529268767721,60200
"  1094 Siberia (1926 CB)",1094,2.545626777561643,.1305672603136759,14.02440230858706,149.0960731118392,310.5025354117993,34.74843664283213,60200
"  1095 Tulipa (1926 GS)",1095,3.031754504982779,.01766917360106414,10.02090574969198,178.4887929284728,344.734829756927,231.6789444010424,60200
"  1096 Reunerta (1928 OB)",1096,2.601575888823167,.1935235577948948,9.466515316538423,81.31317948360602,247.753402361492,222.3614120595066,60200
"  1097 Vicia (1928 PC)",1097,2.644338713132842,.293040383716323,1.53369074092671,133.8325567582342,176.7793889223407,58.14032293191047,60200
"  1098 Hakone (1928 RJ)",1098,2.689467927929693,.1162594135233527,13.38976834242137,328.8961143980305,81.42468763753227,144.9175788140577,60200
"  1099 Figneria (1928 RQ)",1099,3.176641628770385,.2790564061791503,11.84169835391445,22.19851086429732,348.1154668200488,282.7313208979683,60200
"  1100 Arnica (1928 SD)",1100,2.896242848082775,.07054586947898589,1.030993884455519,303.8215340202686,21.82391531222515,129.218575478681,60200
"  1101 Clematis (1928 SJ)",1101,3.227886058817401,.07846807139817345,21.44371883475575,201.8090428223346,105.0970423146982,167.2234378115367,60200
"  1102 Pepita (1928 VA)",1102,3.068768467340664,.1107403378556364,15.82963199092146,216.5488590267908,117.8479686566589,309.6297011650012,60200
"  1103 Sequoia (1928 VB)",1103,1.93342928511196,.09463803213139312,17.90107168044615,267.6090669212471,77.77496636257474,153.5494431531073,60200
"  1104 Syringa (1928 XA)",1104,2.631367333491979,.3428656649325429,6.439480070835206,128.6412159653512,277.2571550853797,94.31408736031624,60200
"  1105 Fragaria (1929 AB)",1105,3.008906047126604,.1055877348109308,10.96042601655558,116.8476060142542,223.2426411638768,129.8464130523093,60200
"  1106 Cydonia (1929 CW)",1106,2.599362104893952,.1244009993973921,13.04769415436852,328.2015535779232,230.6340317783115,182.2338401011941,60200
"  1107 Lictoria (1929 FB)",1107,3.193595356279932,.1211708414680398,7.063041828038829,110.6676024002368,349.7917130691738,300.9618320252883,60200
"  1108 Demeter (1929 KA)",1108,2.428299515061074,.2564506676044117,24.90822878397534,234.214459772473,78.10864415186499,300.7627037330852,60200
"  1109 Tata (1929 CU)",1109,3.225530742047528,.09825514588887328,4.120398765768849,268.0262466780155,.6580841798115883,75.95667914736784,60200
"  1110 Jaroslawa (1928 PD)",1110,2.218784139478287,.2409340492601444,5.854779964773593,241.6989907069439,78.61396354008635,282.3587293281523,60200
"  1111 Reinmuthia (1927 CO)",1111,2.995670935282274,.103497132310942,3.889781091314792,132.3646903871105,235.2272773827978,28.85842810366625,60200
"  1112 Polonia (1928 PE)",1112,3.019798693613338,.1089448778538914,8.988976434510734,302.8171298432781,86.82259024916779,343.1156169105364,60200
"  1113 Katja (1928 QC)",1113,3.115134402160451,.1345232566840329,13.2553958249341,324.3875718819227,119.3915623448379,16.16640372509154,60200
"  1114 Lorraine (1928 WA)",1114,3.095558533943825,.07181390796594808,10.72043599597872,195.3154244903083,207.9876013850925,172.3717483710174,60200
"  1115 Sabauda (1928 XC)",1115,3.099351055100941,.1740776335982901,15.28606623791513,71.63201428279011,56.61564638200134,96.47541798543133,60200
"  1116 Catriona (1929 GD)",1116,2.926981227366146,.2241267701946486,16.55119429585742,356.2146238929497,83.29532558446546,60.98935689509457,60200
"  1117 Reginita (1927 KA)",1117,2.246896309753871,.1986212387372947,4.344461743651312,147.0870086176953,151.0264318517414,169.1617434787416,60200
"  1118 Hanskya (1927 QD)",1118,3.212548681033869,.04314421192289512,13.95189574124205,318.6929110213317,337.4898084190485,320.6676646153567,60200
"  1119 Euboea (1927 UB)",1119,2.611473775543729,.1546344607334174,7.854282684721785,57.34959872798255,229.9708217771351,344.4694788494343,60200
"  1120 Cannonia (1928 RV)",1120,2.2162336260086,.1552439069236063,4.050835245083761,158.6147830224917,219.8325913973327,271.1015024313317,60200
"  1121 Natascha (1928 RZ)",1121,2.547362882329885,.1569860656711239,6.165754517547845,357.8663710461414,49.92660960833437,99.24452596576768,60200
"  1122 Neith (1928 SB)",1122,2.608075371831658,.2550809954395509,4.731025258926802,63.31570629319586,328.9820994858741,185.8221483928708,60200
"  1123 Shapleya (1928 ST)",1123,2.225465814666292,.1563372339003555,6.418402206140663,79.84532772353909,317.5257978930564,200.4576064230905,60200
"  1124 Stroobantia (1928 TB)",1124,2.926722987504647,.03020327810942423,7.792802349071689,22.22372485578601,268.6885072940772,58.12001240603409,60200
"  1125 China (1957 UN1)",1125,3.126022122294259,.2176580179320843,3.04081651555333,97.15679017789091,10.25289283603932,247.6961958044707,60200
"  1126 Otero (1929 AC)",1126,2.271388195036676,.1477388670734621,6.50455762194062,.990329947890167,136.0987826974748,204.3545269307141,60200
"  1127 Mimi (1929 AJ)",1127,2.592763150078941,.2657180220569467,14.76925124450917,128.3307437902281,282.7604879827206,280.3510661112688,60200
"  1128 Astrid (1929 EB)",1128,2.786764783680803,.04407655204366816,1.012331112572587,59.43196188140205,234.8517754425017,353.5735309019659,60200
"  1129 Neujmina (1929 PH)",1129,3.020429634606629,.08446202694695512,8.621960837517914,269.1868601855673,139.8356043632267,257.611855690508,60200
"  1130 Skuld (1929 RC)",1130,2.228178154125153,.1981810196827112,2.16958299158812,216.0903990319367,113.8010318689648,104.9988213145296,60200
"  1131 Porzia (1929 RO)",1131,2.227901807848408,.2862424317218029,3.229992929307627,100.6570798566807,248.063160690729,96.91256114061321,60200
"  1132 Hollandia (1929 RB1)",1132,2.684587227009371,.2756222097958473,7.22472402478104,29.57313617289128,270.4618150224676,152.859858916717,60200
"  1133 Lugduna (1929 RC1)",1133,2.186388010749962,.1876388200319796,5.374643462532295,58.20236862628357,306.8315505711038,17.93710814640903,60200
"  1134 Kepler (1929 SA)",1134,2.676633224627533,.4696757741761481,15.32329147784197,5.773617037603901,332.9113946140406,140.3757505885435,60200
"  1135 Colchis (1929 TA)",1135,2.66665856128123,.11408014041591,4.540753558920808,350.6180752851222,3.555768941448234,226.2125761092157,60200
"  1136 Mercedes (1929 UA)",1136,2.565940116255168,.2538533459520728,8.978803349198945,209.4716429907568,148.8399514276665,338.445821572443,60200
"  1137 Raissa (1929 WB)",1137,2.423528147167423,.09683545494075417,4.316200937087884,78.42813964319127,277.6731827304172,346.6202133856205,60200
"  1138 Attica (1929 WF)",1138,3.144105643884294,.07659991916025252,13.97273565921603,283.4641331759152,106.5829077177112,314.1717878823524,60200
"  1139 Atami (1929 XE)",1139,1.947620219964813,.255503655070184,13.08743031755409,213.2973911683686,206.7255867954463,188.5175589274055,60200
"  1140 Crimea (1929 YC)",1140,2.773446428627847,.1101917631957959,14.11618936302801,72.06447358534727,310.3842857005517,173.7530461505804,60200
"  1141 Bohmia (1930 AA)",1141,2.271000541737914,.1649143234232223,4.274086638110486,105.5021349039993,275.9993215204017,198.8916295151786,60200
"  1142 Aetolia (1930 BC)",1142,3.184843788848025,.07962849833346089,2.109899461140488,139.323753092245,97.87683094952716,110.3685416296804,60200
"  1143 Odysseus (1930 BH)",1143,5.234542399575411,.09156854613619025,3.141994670796444,221.2295799516286,238.0725950375912,346.9704051545419,60200
"  1144 Oda (1930 BJ)",1144,3.752824717803499,.08075479487722806,9.805670571041952,156.1192727671911,216.7983004389426,72.75677251612608,60200
"  1145 Robelmonte (1929 CC)",1145,2.42337601072113,.1196634816056311,6.208718848375664,346.7859133476295,267.2701909031147,282.9275839877482,60200
"  1146 Biarmia (1929 JF)",1146,3.044412620928094,.2549086580172228,17.06332351129118,213.8289609930783,63.58302506593493,233.0671813268802,60200
"  1147 Stavropolis (1929 LF)",1147,2.269957319786663,.2325190095294839,3.883361878980805,265.1142287374528,15.79507136018474,184.8204710417371,60200
"  1148 Rarahu (1929 NA)",1148,3.01675082413085,.1082754369883159,10.82908369709347,145.3576484790449,176.0878409801506,330.5985833376536,60200
"  1149 Volga (1929 PF)",1149,2.897640287870518,.09685418817984338,11.75197152678246,261.4047277691258,116.4924146058164,338.073114780214,60200
"  1150 Achaia (1929 RB)",1150,2.190856632189017,.2044355778888405,2.393021275843878,206.4937176447681,139.62589345,357.3783155790251,60200
"  1151 Ithaka (1929 RK)",1151,2.405343593618452,.2763288507137148,6.567970469904542,225.377304147725,122.4965800863606,73.40269350682648,60200
"  1152 Pawona (1930 AD)",1152,2.428635349013696,.04027294083282227,5.07243219278399,331.7813462697972,218.4113852009385,209.7555783287903,60200
"  1153 Wallenbergia (A924 RJ)",1153,2.195353532660751,.160824005251409,3.335145228142059,280.4428388808211,28.79367122920932,183.9289401316497,60200
"  1154 Astronomia (1927 CB)",1154,3.389870290645251,.07029775501000361,4.532484096984751,82.47974202332217,205.4004263791472,7.855381475399402,60200
"  1155 Aenna (1928 BD)",1155,2.464051125686689,.1654016308369536,6.596362540417322,39.06456701178226,196.1108090034068,190.8156308700685,60200
"  1156 Kira (1928 DA)",1156,2.236616271229205,.04707849687796409,1.397295462274085,91.12934612334767,354.7650944850448,253.7059670786583,60200
"  1157 Arabia (1929 QC)",1157,3.182628204635639,.1434841721970685,9.551957284821878,336.0889971155859,312.3037964969405,219.1005506064295,60200
"  1158 Luda (1929 QF)",1158,2.563396057227433,.1131270039835832,14.8248692316009,344.5772750313604,57.46287802200551,270.9016508307387,60200
"  1159 Granada (1929 RD)",1159,2.379851592324695,.05844353425047612,13.03519065953366,347.8470673193644,312.3930264855154,266.8291460661068,60200
"  1160 Illyria (1929 RL)",1160,2.560188729541413,.1178473427357159,14.94790044325482,3.700960453302117,5.668798270192292,334.4544290343417,60200
"  1161 Thessalia (1929 SF)",1161,3.169993024089443,.08881972707605255,9.396546640464985,72.53056308189046,310.73589589165,235.6099157889112,60200
"  1162 Larissa (1930 AC)",1162,3.926883429721848,.1052704166174138,1.874774908185872,39.65736720339439,206.4321725109255,236.7230138729668,60200
"  1163 Saga (1930 BA)",1163,3.219992900968234,.04203029321910524,9.021577554582418,127.5017966401195,201.1867624842739,249.2583057021626,60200
"  1164 Kobolda (1930 FB)",1164,2.30737079697679,.1951286022600968,25.17139317934323,156.8994429081445,340.9517072216602,275.2751212456693,60200
"  1165 Imprinetta (1930 HM)",1165,3.129111333604395,.2106452086508357,12.79796199486285,203.7100098404775,96.68960537749111,254.4059416345719,60200
"  1166 Sakuntala (1930 MA)",1166,2.535440364087574,.2083360139693526,18.92371550250784,106.6590008405346,189.9172340760011,354.4658653869857,60200
"  1167 Dubiago (1930 PB)",1167,3.416482750080779,.06790115488862472,5.746834669584439,223.3458294875216,72.84714561931084,296.2417092798075,60200
"  1168 Brandia (1930 QA)",1168,2.552424744367176,.2174644779640762,12.72768772914221,218.5974596217195,122.9463519532075,292.3226479492785,60200
"  1169 Alwine (1930 QH)",1169,2.318078560499965,.1543747370980071,4.05353065569491,254.9757944876521,176.9825222510692,50.62309340906461,60200
"  1170 Siva (1930 SQ)",1170,2.325113196849299,.3012114425240189,22.1679024241461,.8499072036030625,59.35398303842271,41.87551851476292,60200
"  1171 Rusthawelia (1930 TA)",1171,3.17569227839725,.1947996892506616,3.085374263636467,121.4970420399283,292.4166185427328,161.996518452691,60200
"  1172 Aneas (1930 UA)",1172,5.231442705720937,.1067519230030259,16.65327680410666,247.2714873312007,51.56176315434161,43.23449716930498,60200
"  1173 Anchises (1930 UB)",1173,5.277436015387287,.1388544358518958,6.926439975481006,283.9105869063148,41.45890549635482,345.7858027564221,60200
"  1174 Marmara (1930 UC)",1174,3.02401968303468,.1100455867288479,10.06272572456349,.889506760852916,353.7438836306208,277.8925705465837,60200
"  1175 Margo (1930 UD)",1175,3.215022151503403,.07072704217396443,16.34521800958438,236.9757947170715,100.086484564092,80.09744689010851,60200
"  1176 Lucidor (1930 VE)",1176,2.692866785118603,.142859873322437,6.645709158407658,272.1056626861282,155.3955994498798,356.8941769592132,60200
"  1177 Gonnessia (1930 WA)",1177,3.345947894793075,.03444462252084682,15.01668713914354,251.7342251274618,255.2931499805962,324.6958606999146,60200
"  1178 Irmela (1931 EC)",1178,2.678210352054337,.1858517584424895,6.966392025753842,169.9433097804786,357.5694189521417,28.86668040462792,60200
"  1179 Mally (1931 FD)",1179,2.616398117539027,.1736684706359806,8.713846729720355,6.740380159866033,234.0702359217481,256.310822158109,60200
"  1180 Rita (1931 GE)",1180,3.982489127221917,.1552688560123554,7.188468395862952,88.14393902953609,205.4102844406362,149.5388716555444,60200
"  1181 Lilith (1927 CQ)",1181,2.665464927535529,.1933500131002789,5.590958853997405,260.5726473336722,156.439463361609,130.9672326495687,60200
"  1182 Ilona (1927 EA)",1182,2.259479854378472,.1171240373731673,9.391403262933771,336.3021946191373,63.30721699637223,246.0903679349883,60200
"  1183 Jutta (1930 DC)",1183,2.383392092963716,.129591153603254,2.799759891870998,15.08918005429764,205.2782717877903,113.2864207671915,60200
"  1184 Gaea (1926 RE)",1184,2.667075465011283,.07270749293619673,11.31120957956644,355.6959977420537,310.6651876878124,138.1518922333004,60200
"  1185 Nikko (1927 WC)",1185,2.237349153396667,.105335475649094,5.697648491980716,71.85590254079774,2.54031883405556,208.1172697604781,60200
"  1186 Turnera (1929 PL)",1186,3.021582673912526,.1010983822518594,10.75075365270967,42.95236397856623,296.6069828685031,303.1784883294551,60200
"  1187 Afra (1929 XC)",1187,2.639267852868936,.2238051727034349,10.69750747303961,327.1558647469564,74.89873458660877,327.9295977900617,60200
"  1188 Gothlandia (1930 SB)",1188,2.190777555143062,.180230524473268,4.816809297264869,5.406357759410982,7.092517049764473,243.6288045953353,60200
"  1189 Terentia (1930 SG)",1189,2.93302794032906,.1116935585245,9.86284579033288,275.1702625655403,95.74224233267897,175.3571401748603,60200
"  1190 Pelagia (1930 SL)",1190,2.432223850196136,.1304128952457421,3.16890422528781,26.36099582254524,41.56420310687837,136.4219748538827,60200
"  1191 Alfaterna (1931 CA)",1191,2.891884742726717,.0480728822063337,18.45901390564304,134.5613176691268,58.96946344245954,253.0382156175478,60200
"  1192 Prisma (1931 FE)",1192,2.36442090207784,.2592916824777498,23.91144733496411,1.241107396702507,131.507778215732,173.6694450639898,60200
"  1193 Africa (1931 HB)",1193,2.650017372029759,.1220693184036039,14.14675043315845,49.4795646930549,185.1151248093187,151.3957270626289,60200
"  1194 Aletta (1931 JG)",1194,2.916414991364452,.08970495431826149,10.84119217162739,290.8296401617715,246.6865488449241,250.7565235527428,60200
"  1195 Orangia (1931 KD)",1195,2.257653956354002,.2003019466413331,7.190998241887296,281.2411564712083,328.2067889908999,69.77200342782997,60200
"  1196 Sheba (1931 KE)",1196,2.653577873698522,.180718012267136,17.66740117028502,100.7139946022676,262.6779782394487,25.36436681572381,60200
"  1197 Rhodesia (1931 LD)",1197,2.882851908313471,.2344503293942358,12.9772943030151,255.6103765735983,277.0479289095193,5.641671991800442,60200
"  1198 Atlantis (1931 RA)",1198,2.250275944781191,.3356196867058929,2.725796928926949,259.4800671894336,84.61276760710055,90.17097637083356,60200
"  1199 Geldonia (1931 RF)",1199,3.018586014811541,.03235581619354898,8.779910552566404,235.5009098286052,290.610194793714,18.65461798488884,60200
"  1200 Imperatrix (1931 RH)",1200,3.064117186763637,.1104340242841266,4.615289088326137,204.6141242712865,52.85470860118192,157.3994920286589,60200
"  1201 Strenua (1931 RK)",1201,2.698352320770272,.03900576399453035,7.001532543725189,203.0596836258593,166.7836925955094,264.6060313158099,60200
"  1202 Marina (1931 RL)",1202,3.996780296131848,.167739886630292,3.333736269754801,49.82733070987442,307.7841703351253,256.7972880150592,60200
"  1203 Nanna (1931 TA)",1203,2.883207748197426,.2505952546865727,5.997545826437072,224.5026238112673,177.3001043853587,258.5440560849038,60200
"  1204 Renzia (1931 TE)",1204,2.263647271681157,.2936117310803051,1.878771247559125,7.533460117059769,313.8280602480069,26.89951793451003,60200
"  1205 Ebella (1931 TB1)",1205,2.536583228126565,.2719047942591409,8.846704320072666,22.98376713943733,349.4861643057984,280.2490108789229,60200
"  1206 Numerowia (1931 UH)",1206,2.867843436011327,.05220963515592518,12.99290024762026,324.3971672290901,279.8093789935651,122.681320603348,60200
"  1207 Ostenia (1931 VT)",1207,3.021918195825092,.08839154546230818,10.33855837295707,19.98516938269071,46.42674285454177,176.3716409155883,60200
"  1208 Troilus (1931 YA)",1208,5.252305764999567,.09284103890664779,33.54352895385663,48.550297152536,295.8935797264066,353.4137006986517,60200
"  1209 Pumma (1927 HA)",1209,3.171629259773819,.1271591986596537,6.936289345341353,89.74114670713193,176.7655514828596,327.1554420825387,60200
"  1210 Morosovia (1931 LB)",1210,3.008486290975096,.06221589834716016,11.26390361925651,106.5605148319513,165.9662356164831,221.297594405105,60200
"  1211 Bressole (1931 XA)",1211,2.929261059422998,.1593870243573733,12.76598133205898,129.7284820467244,211.3706957826995,181.2947380315799,60200
"  1212 Francette (1931 XC)",1212,3.947922285460565,.1895791567913727,7.592688351040036,149.561206053936,347.9957199134377,199.5063411690666,60200
"  1213 Algeria (1931 XD)",1213,3.136823846153,.1286550551626673,13.10810476653152,271.2503592031638,110.6347942685348,231.7684502084523,60200
"  1214 Richilde (1932 AA)",1214,2.710583928561401,.1169061962319339,9.840270021560194,285.8158161795909,32.96909361698058,332.4582425915647,60200
"  1215 Boyer (1932 BA)",1215,2.578909764680201,.1317300834656462,15.9090075138313,123.7082058612524,265.4898501549489,129.1527334293527,60200
"  1216 Askania (1932 BL)",1216,2.232573377803181,.178718231845393,7.601051926210995,121.5796682525239,144.6312004215898,64.4703767112489,60200
"  1217 Maximiliana (1932 EC)",1217,2.352656185843544,.1536985887084288,5.154907601353285,148.3926737713233,91.27041627834896,77.43656654740985,60200
"  1218 Aster (1932 BJ)",1218,2.262878818836981,.1081427498034064,3.157673995941137,63.76051491216197,69.38517377468352,333.6057792959549,60200
"  1219 Britta (1932 CJ)",1219,2.212954714465431,.1245938817852165,4.411498688133095,42.50526484871578,23.6366977233634,9.91388162127072,60200
"  1220 Crocus (1932 CU)",1220,3.00207552774287,.07457694545165783,11.36494680551816,113.3182397189442,332.0601642415888,262.1977185737398,60200
"  1221 Amor (1932 EA1)",1221,1.919079998444027,.4356708042523573,11.88204143696982,171.3194432508043,26.64828345642857,123.5335233857224,60200
"  1222 Tina (1932 LA)",1222,2.792831386341057,.2500089692005216,19.58928426770488,245.7411376570377,59.78265797304093,177.8471924748993,60200
"  1223 Neckar (1931 TG)",1223,2.867816767822279,.06114788658034631,2.544559514918726,40.7945388787474,14.92743154509336,281.275815115845,60200
"  1224 Fantasia (1927 SD)",1224,2.30430809065082,.1987975696832171,7.8863345138378,258.0242469437815,129.3698200935772,139.0951769204057,60200
"  1225 Ariane (1930 HK)",1225,2.233442539269372,.07398362429448414,3.074330584788627,12.33223669449522,101.3428695464339,79.37116581589353,60200
"  1226 Golia (1930 HL)",1226,2.58420465347452,.1108588916149012,9.843004525158412,17.4635639959078,139.0059428998288,220.7031788447938,60200
"  1227 Geranium (1931 TD)",1227,3.217940255157729,.1926431753352297,16.49389079161191,.6594929652167986,303.4029133258294,38.63686689640124,60200
"  1228 Scabiosa (1931 TU)",1228,2.768331193409541,.04092797992288928,3.279563079945305,307.882128713576,207.6078935999301,197.7742212636591,60200
"  1229 Tilia (1931 TP1)",1229,3.222785953889076,.1667306680829381,1.040618294571193,197.3465422802203,166.9039509122658,297.926586829102,60200
"  1230 Riceia (1931 TX1)",1230,2.571999727616267,.1794020765670602,10.52074491635454,200.5032811028977,184.7614201878802,94.97488455034872,60200
"  1231 Auricula (1931 TE2)",1231,2.671799979028331,.08567826110278334,11.4609447211519,341.9515558280216,247.3574560103203,171.0819204757842,60200
"  1232 Cortusa (1931 TF2)",1232,3.176282665442081,.1407876669057289,10.37181663713962,260.694489997371,340.5720944638078,197.2262770265257,60200
"  1233 Kobresia (1931 TG2)",1233,2.555687742600362,.05624911015364072,5.600364921235711,291.3874778047622,333.4803751097265,289.5512565713818,60200
"  1234 Elyna (1931 UF)",1234,3.014797075090266,.08707499513053792,8.526331627637033,304.3268618815242,90.51162501777229,199.7042984738617,60200
"  1235 Schorria (1931 UJ)",1235,1.910034384293733,.1546952231880693,25.00216009566724,12.91556243323813,43.84838357494957,271.0428189103746,60200
"  1236 Thais (1931 VX)",1236,2.429776346228236,.2420314735595393,13.17890278913398,48.57225900993464,306.075886084677,120.599689012059,60200
"  1237 Genevieve (1931 XB)",1237,2.611524263135353,.07676053564977114,9.735779124611847,57.83323313366029,307.4834253821625,321.0822482017927,60200
"  1238 Predappia (1932 CA)",1238,2.665398231697211,.1412384928286829,12.15529386267888,51.62664866985192,93.83943657288548,2.005010583516987,60200
"  1239 Queteleta (1932 CB)",1239,2.662422062435225,.2301039130116827,1.657413651058302,72.96987274315904,36.70686343570932,49.46110134611752,60200
"  1240 Centenaria (1932 CD)",1240,2.865188891369823,.1759802580438266,10.16398432367733,323.6660694922136,23.61083108989673,88.77020955362234,60200
"  1241 Dysona (1932 EB1)",1241,3.190453502833193,.10015257422799,23.5122708006784,322.16670090077,320.5974295566124,310.3892208866006,60200
"  1242 Zambesia (1932 HL)",1242,2.735038593204935,.1907716011905444,10.14242162055073,349.720677151588,54.16255440060331,257.2211505857894,60200
"  1243 Pamela (1932 JE)",1243,3.09634644904522,.04572795640665674,13.2645467852449,245.52954145747,51.90641542673941,208.2155606861665,60200
"  1244 Deira (1932 KE)",1244,2.344893811334731,.09709823965089247,8.696772649956291,276.9949108402839,261.2174611281056,220.0284929093914,60200
"  1245 Calvinia (1932 KF)",1245,2.89104995304993,.08204911580178127,2.895925042185704,151.6978156827721,206.0582603614973,100.0843627058811,60200
"  1246 Chaka (1932 OA)",1246,2.619393226472321,.3106643496037576,15.99800797373527,290.5079524782294,54.79720725321394,141.027877778832,60200
"  1247 Memoria (1932 QA)",1247,3.128320901021044,.1759992139748838,1.781739658475517,161.6866777134272,138.5286520001776,162.8075483992745,60200
"  1248 Jugurtha (1932 RO)",1248,2.721025960012308,.01410535861459614,9.1405141153167,79.21675684115783,339.1225968597601,30.89703249784182,60200
"  1249 Rutherfordia (1932 VB)",1249,2.224550708381113,.07614942042681289,4.872019297053684,258.8924799041743,224.2729462013163,82.88467019497276,60200
"  1250 Galanthus (1933 BD)",1250,2.548190545192611,.275939820405257,15.1702690640335,291.9319894764196,217.6094078516782,61.54738060431582,60200
"  1251 Hedera (1933 BE)",1251,2.717920342031997,.1562615756823588,6.051816288530714,140.6125704297129,217.0760223492365,180.5249631505663,60200
"  1252 Celestia (1933 DG)",1252,2.695359873719994,.2063036018289106,33.82979408890256,140.8897489495996,63.54846434558728,133.6317661299797,60200
"  1253 Frisia (1931 TV1)",1253,3.170438130948358,.2046029017156078,1.341228275415925,39.79258287498932,355.1308705136236,102.8847824934738,60200
"  1254 Erfordia (1932 JA)",1254,3.141241970922799,.02796880322770428,7.062602348719077,287.819628048205,241.2117983649545,212.5089650787553,60200
"  1255 Schilowa (1932 NC)",1255,3.143928190537938,.1745043039534976,8.557959261447992,237.5068587240881,132.7486973745619,46.6092076462302,60200
"  1256 Normannia (1932 PD)",1256,3.892757084310155,.07948203107757731,4.175868859443734,236.868830993217,102.1876349758081,286.2822623630605,60200
"  1257 Mora (1932 PE)",1257,2.490411350430185,.08217737835502231,3.927467895254237,213.8822104271234,20.16344136440607,166.1645292095763,60200
"  1258 Sicilia (1932 PG)",1258,3.183544686302606,.04491784860235663,7.702698590640364,299.575216970159,77.66966731373464,326.4814714449269,60200
"  1259 Ogyalla (1933 BT)",1259,3.106360527821959,.1260505139430584,2.380657956142809,74.97092230445521,150.9279266615814,129.9603143471318,60200
"  1260 Walhalla (1933 BW)",1260,2.613436704730634,.03728314374044647,8.016043090188271,304.5084431607702,20.48062505442204,322.0313709733014,60200
"  1261 Legia (1933 FB)",1261,3.137945358754722,.1782652421347182,2.426833100423314,67.27711234298786,103.9907427076173,88.33340614450201,60200
"  1262 Sniadeckia (1933 FE)",1262,3.000853523834532,.003934289052139853,13.13265375995536,124.2569417134739,168.0566017280629,22.15613432841469,60200
"  1263 Varsavia (1933 FF)",1263,2.666477790971743,.1871949449365378,29.25213562693429,158.448353458504,286.8603976820142,352.6539404102584,60200
"  1264 Letaba (1933 HG)",1264,2.862804092739805,.156856945099685,24.97498225694154,234.9479003063121,31.37514456750088,199.5885209819144,60200
"  1265 Schweikarda (A911 UR)",1265,3.025218888564756,.06938826778632723,9.50555452223292,314.2139581286734,112.2180051895008,59.27528366020129,60200
"  1266 Tone (1927 BD)",1266,3.359260901865108,.05083099320921212,17.17822387577406,320.5837508329421,301.0300518642914,92.32408032581088,60200
"  1267 Geertruida (1930 HD)",1267,2.469165253327386,.1787407661428796,4.780810520358069,24.33819450435718,268.0958042182062,335.7392663213288,60200
"  1268 Libya (1930 HJ)",1268,3.982974197342972,.1035522229129279,4.424616900618474,350.9871396866956,118.6518466107382,71.76522273968322,60200
"  1269 Rollandia (1930 SH)",1269,3.9042385097618,.09716122263120808,2.758310941059919,134.7059412927409,19.23820869643783,197.9538730423408,60200
"  1270 Datura (1930 YE)",1270,2.234551815835712,.2081299935830729,5.986283338867826,97.77449645580245,259.08617898149,352.3060066297713,60200
"  1271 Isergina (1931 TN)",1271,3.141358253038336,.1210920236299428,6.681840150809211,126.8243343962624,272.2068500513329,187.4613694420116,60200
"  1272 Gefion (1931 TZ1)",1272,2.78446539746569,.1502701060495902,8.414468461879775,321.3894735124377,4.194090120745947,321.3969786899594,60200
"  1273 Helma (1932 PF)",1273,2.394157540298157,.1613837903580183,5.400695551014227,296.4726450557417,48.88254383904405,204.7761359696442,60200
"  1274 Delportia (1932 WC)",1274,2.228974262395287,.1140027003390455,4.394675693182905,327.0504926401094,244.9722725301849,324.2915695167163,60200
"  1275 Cimbria (1932 WG)",1275,2.679859970629135,.1676947378350831,12.85710250918221,188.4250086231104,198.0653642949061,276.6945133145271,60200
"  1276 Ucclia (1933 BA)",1276,3.17662061169862,.09104919536319922,23.28371686704845,114.3197044537127,338.3538670158068,43.47966478824175,60200
"  1277 Dolores (1933 HA)",1277,2.701838395756238,.2381348751067376,6.974071897491193,246.9484637961958,47.47682591155009,83.45866640216629,60200
"  1278 Kenya (1933 LA)",1278,2.405201535671308,.2631179927262146,10.85445240470673,90.25767784168912,238.720412729715,28.10579681813489,60200
"  1279 Uganda (1933 LB)",1279,2.369133636834966,.2112627011622164,5.724032018176172,335.4042927724711,297.5378828681735,257.5526921456722,60200
"  1280 Baillauda (1933 QB)",1280,3.415120522198196,.04347207979318182,6.424413994152615,292.5419886085108,90.95794815875487,53.19687642438041,60200
"  1281 Jeanne (1933 QJ)",1281,2.556563916151634,.2075473423084124,7.445327624119922,210.0663520817802,72.84897317552877,42.85194785642219,60200
"  1282 Utopia (1933 QM1)",1282,3.118395196153618,.120162061911258,18.02780004541112,324.2350977819376,77.88740535367188,58.9553786652906,60200
"  1283 Komsomolia (1925 SC)",1283,3.18439681312726,.2226030717734902,8.905524255143332,157.7076945516677,234.4173954361095,7.714340122627304,60200
"  1284 Latvia (1933 OP)",1284,2.643713374834821,.1725031160673025,10.88823192414645,302.6919881933714,115.4286059164536,267.6706534408939,60200
"  1285 Julietta (1933 QF)",1285,2.991706887838938,.04899002532344088,5.690668580502861,317.8169573218833,68.93245334899328,100.4055767077349,60200
"  1286 Banachiewicza (1933 QH)",1286,3.02796777961235,.09222269448551459,9.753620295828048,200.4182651459003,108.5013010541623,80.96810592502176,60200
"  1287 Lorcia (1933 QL)",1287,3.012437300156748,.05728993201371359,9.849666566016142,202.3205582942851,269.1646405160706,327.557289482064,60200
"  1288 Santa (1933 QM)",1288,2.883451388728032,.06471853784933244,7.562929954329684,298.8731141825563,52.40092938765964,126.2345916286114,60200
"  1289 Kutaissi (1933 QR)",1289,2.860750377779685,.06163257307692961,1.616927554799584,193.0321818629429,115.5199860726463,244.7037244626918,60200
"  1290 Albertine (1933 QL1)",1290,2.366782360974587,.1532913624680643,5.585940869056341,307.3273995734078,79.03322631318885,231.3739464636133,60200
"  1291 Phryne (1933 RA)",1291,3.012165099840883,.09717442961813608,9.122960724995718,215.2793052390232,117.4941381694151,85.11033088490234,60200
"  1292 Luce (1933 SH)",1292,2.542525636276067,.05673170035241702,2.151585725401294,270.8605965373546,244.0274970838461,281.0793810967895,60200
"  1293 Sonja (1933 SO)",1293,2.227963699256845,.275349697434361,5.364101828813769,236.3395506591356,99.89377476520433,36.57189087789046,60200
"  1294 Antwerpia (1933 UB1)",1294,2.688808481742813,.2318065733760875,8.715931521864176,81.07137582403487,313.0933165200008,148.5352159236011,60200
"  1295 Deflotte (1933 WD)",1295,3.390627833335544,.1245019766609431,2.886151988136303,185.0336151766258,274.8599139769765,120.0017985460363,60200
"  1296 Andree (1933 WE)",1296,2.418312168798828,.1434797371646923,4.110447309845502,226.9474579563401,236.3120751163955,291.6275479150328,60200
"  1297 Quadea (1934 AD)",1297,3.021159838606253,.0671348533662887,8.995480701372299,295.836421132303,125.6004362066711,81.37147803680753,60200
"  1298 Nocturna (1934 AE)",1298,3.130716931389498,.1446485214973504,5.495891785022348,299.7479119995232,59.03368089268915,182.7899199036655,60200
"  1299 Mertona (1934 BA)",1299,2.803653294143085,.1854800227965102,7.885937984973318,165.4853809020646,260.3357444095323,70.88256566604296,60200
"  1300 Marcelle (1934 CL)",1300,2.782004883888856,.007045638731680616,9.550554744497592,82.89469763603537,351.5142621282954,175.4568336399152,60200
"  1301 Yvonne (1934 EA)",1301,2.765291678092537,.2708908797190644,34.0402918752278,161.49541313115,302.0303850203534,208.0271741401502,60200
"  1302 Werra (A924 SE)",1302,3.112934857502099,.1752780826051601,2.59576475062426,90.12314732840262,353.9227885361316,287.596966853616,60200
"  1303 Luthera (1928 FP)",1303,3.236813196798856,.100575005921602,19.49477578503713,71.88295267266784,101.1091721340597,211.1106531747774,60200
"  1304 Arosa (1928 KC)",1304,3.191813065835176,.1221947849889428,18.97492546907944,86.35350747164101,147.7609374118643,227.1460168413676,60200
"  1305 Pongola (1928 OC)",1305,3.014028329790783,.0713939038679381,2.317009541383711,62.94095852119158,147.8419414459957,142.9620454751997,60200
"  1306 Scythia (1930 OB)",1306,3.144565815501354,.09670370610256304,14.98428735616851,274.042190211734,141.7841968452679,168.6220973406077,60200
"  1307 Cimmeria (1930 UF)",1307,2.25081357367923,.0961516141017166,3.949604970228416,233.7437737759107,207.6801672708392,137.7047664411423,60200
"  1308 Halleria (1931 EB)",1308,2.91304144732376,.008217462085548343,5.56154474459675,354.0506018145759,173.8469924307597,240.2521246658226,60200
"  1309 Hyperborea (1931 TO)",1309,3.214571038839602,.1481265252609891,10.28447619933095,206.008481426796,243.437011127823,311.5190236300672,60200
"  1310 Villigera (1932 DB)",1310,2.390935527039865,.3575393038706104,21.06126650841761,357.182458825619,88.80570474160271,303.128758432001,60200
"  1311 Knopfia (1933 FF1)",1311,2.426577941076741,.04292170068524601,2.832956798320026,244.9560893067956,244.087332220804,20.10388805466317,60200
"  1312 Vassar (1933 OT)",1312,3.098730893850766,.2108149931735421,21.93288502923517,129.2243111963442,261.7894019444979,142.2868831719909,60200
"  1313 Berna (1933 QG)",1313,2.656456572313177,.2066484727891561,12.55534714734795,298.0930163734362,100.2679076443612,245.1897016710836,60200
"  1314 Paula (1933 SC)",1314,2.295070093146885,.1742061191307953,5.241396547164608,264.5965984591034,144.2754243293241,275.3097022795852,60200
"  1315 Bronislawa (1933 SF1)",1315,3.209419302477428,.07420628552985084,7.080765401564769,236.4465951506528,21.23394516145256,328.1154612768438,60200
"  1316 Kasan (1933 WC)",1316,2.412544594584848,.3162841850925354,23.9582829351087,238.1904461793138,148.7232070644218,3.611172367491848,60200
"  1317 Silvretta (1935 RC)",1317,3.205528828942825,.2353640521812249,20.41047969922951,6.160046103168019,34.12192689158103,156.6661063163541,60200
"  1318 Nerina (1934 FG)",1318,2.309421553949985,.2026232908652035,24.64310368961555,358.2935677199334,196.2548666083635,188.4689915408453,60200
"  1319 Disa (1934 FO)",1319,2.98644191871886,.2048948024871583,2.800133158500044,256.0647180431573,316.2781074557643,101.1158929785412,60200
"  1320 Impala (1934 JG)",1320,2.995456499226538,.2298172448881518,19.81227393179555,71.79936833732964,206.461182676456,89.17812562660781,60200
"  1321 Majuba (1934 JH)",1321,2.939211806920925,.169586867834758,9.512239977090788,317.6900656663468,345.0232145783125,203.3068107213566,60200
"  1322 Coppernicus (1934 LA)",1322,2.421679014633651,.2347889650235811,23.35946011291751,253.1416191880876,29.40211313624976,225.4160628726833,60200
"  1323 Tugela (1934 LD)",1323,3.226666976675976,.1499787390350799,18.94223161961995,44.53523689322952,140.3995545695448,243.4879912583412,60200
"  1324 Knysna (1934 LL)",1324,2.184339461372342,.1641730489731099,4.51804179326719,304.2887892596082,330.1269395981387,219.5038164595991,60200
"  1325 Inanda (1934 NR)",1325,2.541415475239375,.2541329742823941,7.409781592746118,14.31235975580787,337.0682418920024,339.6469471761501,60200
"  1326 Losaka (1934 NS)",1326,2.666640587155154,.2247767148167499,15.97592689324535,101.6616335123506,278.3627515659285,119.2948298719452,60200
"  1327 Namaqua (1934 RT)",1327,2.781947720040965,.1622542878574891,5.822249625650519,57.71814060226155,269.9816725259393,71.57560100414554,60200
"  1328 Devota (1925 UA)",1328,3.509410368248747,.1366321077793836,5.770207706624952,222.6252391984688,173.3432318394595,346.0160590934066,60200
"  1329 Eliane (1933 FL)",1329,2.616988412566503,.1722458582189458,14.46834544778613,131.9922903819727,165.151999709249,29.88899931203729,60200
"  1330 Spiridonia (1925 DB)",1330,3.170128162395115,.07450153083100085,15.95516065757171,158.789389616988,3.253823301199214,129.2030074890612,60200
"  1331 Solvejg (1933 QS)",1331,3.098198100817581,.1899625034460394,3.101532684271211,121.3277314716476,184.4970743113571,184.1180206718945,60200
"  1332 Marconia (1934 AA)",1332,3.063176509124698,.1342590794015206,2.45609207264667,13.63090280934559,348.8652023242329,10.44499508790026,60200
"  1333 Cevenola (1934 DA)",1333,2.633537169100326,.1313348636511518,14.6182688048427,115.00170464,336.1648901913749,37.43675348578221,60200
"  1334 Lundmarka (1934 OB)",1334,2.914732090586536,.09274208522256218,11.45350539707364,133.1179868517614,129.2973751435663,2.263120358114934,60200
"  1335 Demoulina (1934 RE)",1335,2.240781255379265,.1538842290372782,2.548772542030097,172.5867870181442,198.7359668855932,182.4308731898388,60200
"  1336 Zeelandia (1934 RW)",1336,2.850190661010932,.06372813765342651,3.195629693810127,97.39211393983123,217.7204855764575,210.1734975741269,60200
"  1337 Gerarda (1934 RA1)",1337,2.909711074131055,.09989419940231758,17.98247250558778,160.2551167261817,202.5376797438732,333.7103527759805,60200
"  1338 Duponta (1934 XA)",1338,2.263616762041562,.1121443483967796,4.813646058191681,325.496998579421,110.4186206690674,19.72876750081221,60200
"  1339 Desagneauxa (1934 XB)",1339,3.025414100823179,.05485477339674664,8.678207981112987,290.725835982228,159.0363345608767,316.8546185425773,60200
"  1340 Yvette (1934 YA)",1340,3.186777736471889,.1260853536715675,.4137772307595523,345.6144341205019,225.1231406035669,144.3213135792361,60200
"  1341 Edmee (1935 BA)",1341,2.741216722262271,.07806047942425202,13.09065876714076,107.4681793197848,140.6639117414315,56.50116101549244,60200
"  1342 Brabantia (1935 CV)",1342,2.289504542290103,.2026692347549307,20.91995882205385,312.9314325581102,229.410962132442,188.0728792798058,60200
"  1343 Nicole (1935 FC)",1343,2.570512087639328,.1134472129343625,6.034840534797951,41.22231886626763,235.0032626471725,93.23253244083251,60200
"  1344 Caubeta (1935 GA)",1344,2.247266249909809,.1207283130355723,5.656396037429866,60.01016321060883,133.2914296081354,94.57421300420805,60200
"  1345 Potomac (A908 CE)",1345,3.981736024696847,.1813847618763074,11.40393149755985,137.4304523648516,332.664390619435,230.3992949094102,60200
"  1346 Gotha (1929 CY)",1346,2.628902006657675,.1759742972228572,13.86226947425837,165.9501999620625,250.5978416740793,156.7280896547849,60200
"  1347 Patria (1931 VW)",1347,2.571330368663856,.06645190194883506,11.87024232693031,229.0517333799856,201.73562485,78.68750708182591,60200
"  1348 Michel (1933 FD)",1348,2.791030343480689,.1381939904648897,6.589540483638209,87.52432041785727,17.7970699331317,194.9278323470572,60200
"  1349 Bechuana (1934 LJ)",1349,3.013550015839557,.1547409900214461,10.05015901435556,307.0635512554699,305.5005202045367,31.01805054501379,60200
"  1350 Rosselia (1934 TA)",1350,2.858546928068393,.08634020055239389,2.943427180059317,139.4692371997776,237.4239912969203,154.4530044982415,60200
"  1351 Uzbekistania (1934 TF)",1351,3.197221011845166,.06886293056205468,9.642470775228018,9.321008138722677,64.35511892047447,153.0338496093556,60200
"  1352 Wawel (1935 CE)",1352,2.778652727218171,.06351396668684739,3.760885499920239,185.9488879837682,212.8400639900411,141.7573146080208,60200
"  1353 Maartje (1935 CU)",1353,3.009239654522394,.09562809868676057,9.204302332576191,211.623513553438,96.85422051328237,191.2198490430784,60200
"  1354 Botha (1935 GK)",1354,3.128371564692182,.2151393063328603,5.95068416798308,28.66264171827334,250.1331916957379,288.2184669751894,60200
"  1355 Magoeba (1935 HE)",1355,1.853560779296687,.04497284018188234,22.83003170434208,225.2147600207821,340.2913467730342,25.25856291997384,60200
"  1356 Nyanza (1935 JH)",1356,3.0827485810829,.05210585305444134,7.947109082631043,69.58981927341077,301.8707879787608,349.081812133088,60200
"  1357 Khama (1935 ND)",1357,3.186165339341988,.1545506330937472,13.95672210617866,83.63402701052966,283.0452278675237,123.3185276427519,60200
"  1358 Gaika (1935 OB)",1358,2.476815336060043,.1656950721742298,2.172573522071093,21.73305758701914,286.9685551526464,222.3305431325699,60200
"  1359 Prieska (1935 OC)",1359,3.116715320795699,.07005718097280819,11.10690643692527,64.00744073444571,342.8367396756973,266.5259172758538,60200
"  1360 Tarka (1935 OD)",1360,2.633448521784571,.214557490713136,22.83368858074952,331.3920610397237,287.7781875802386,252.5534471465801,60200
"  1361 Leuschneria (1935 QA)",1361,3.079343980355545,.1309111281402319,21.59309150929378,164.6722148937026,171.9945932910926,95.52900255446906,60200
"  1362 Griqua (1935 QG1)",1362,3.213891568203044,.3733411637161673,24.23013620680605,121.3224569669441,261.7330919074732,358.8968085501473,60200
"  1363 Herberta (1935 RA)",1363,2.903195867361475,.0658191182169976,1.106290660079261,214.6371611434608,110.2786321891443,301.0135593989733,60200
"  1364 Safara (1935 VB)",1364,3.01293894045827,.06624147301549621,11.48834666433556,63.95175504715069,222.1865321603094,61.53763094862437,60200
"  1365 Henyey (1928 RK)",1365,2.25014119140891,.1223630992101289,5.07897336517057,258.4505362269784,337.69752943,161.4156864803228,60200
"  1366 Piccolo (1932 WA)",1366,2.874755332948164,.138996469256151,9.465575044491411,24.08697743838159,283.0427040924822,329.5699376387608,60200
"  1367 Nongoma (1934 NA)",1367,2.344055776065781,.1312939420555158,22.47643512440827,270.7839955993777,347.7334806200478,317.3425919729926,60200
"  1368 Numidia (1935 HD)",1368,2.524558974089917,.06163097924606571,14.8192739905023,18.05281253124057,263.4168949857814,327.7107410845289,60200
"  1369 Ostanina (1935 QB)",1369,3.118417992861228,.2112567023099697,14.37099208942201,180.4274043644438,128.2579009550707,36.06914645788502,60200
"  1370 Hella (1935 QG)",1370,2.251115543831798,.1704166929014402,4.803837443990058,305.9906095580299,4.143066123289223,52.63615377603103,60200
"  1371 Resi (1935 QJ)",1371,3.197352869891191,.121844660537653,16.45944951936605,185.0548675104002,101.7708475518236,153.8396247469903,60200
"  1372 Haremari (1935 QK)",1372,2.767859894480305,.1488851325711012,16.43616851922459,327.3964907079137,87.62597786725749,356.0455408996631,60200
"  1373 Cincinnati (1935 QN)",1373,3.420220222449241,.3156613953518815,38.93534804908607,297.4606957405659,98.99428304166771,347.7641115572619,60200
"  1374 Isora (1935 UA)",1374,2.250836217583695,.2782055594390492,5.295093092770242,302.4438103846832,61.14264754640595,25.43503779588022,60200
"  1375 Alfreda (1935 UB)",1375,2.448432175599817,.0713177398979261,5.820582535618965,52.74050705939575,31.70900232959339,305.9728603682928,60200
"  1376 Michelle (1935 UH)",1376,2.227877075526598,.2152624941043417,3.552207276565782,163.4369432768974,156.0898637822351,208.1436209038571,60200
"  1377 Roberbauxa (1936 CD)",1377,2.260473168281975,.09303225736167087,6.031535448182579,223.1476121846841,357.5268763366628,213.8858649156942,60200
"  1378 Leonce (1936 DB)",1378,2.373734775347469,.1510680184620346,3.592109117564841,43.50473092150727,202.1912640970225,271.2788075866823,60200
"  1379 Lomonosowa (1936 FC)",1379,2.523105908720059,.09259856908429713,15.61014521978252,169.8292957392824,33.06076861064966,267.5969297301608,60200
"  1380 Volodia (1936 FM)",1380,3.146953780251663,.1093729163447142,10.40890964252489,358.9142465920967,247.7561196364594,186.0232982697418,60200
"  1381 Danubia (1930 QJ)",1381,2.489153775244202,.1804863050856097,4.696529396530216,351.7824592379425,29.28912072524361,221.9130803270071,60200
"  1382 Gerti (1925 BB)",1382,2.219977059725648,.1321068903887007,1.558193736800679,352.9275883927033,247.3606934885093,193.7107687148845,60200
"  1383 Limburgia (1934 RV)",1383,3.081504302680088,.1873893873455573,.05387974398498641,192.7892286746923,165.3641443693886,159.603722930799,60200
"  1384 Kniertje (1934 RX)",1384,2.677505880909761,.1797588638121225,11.85964251249722,152.8162398650379,275.8424742100374,63.55503833737366,60200
"  1385 Gelria (1935 MJ)",1385,2.740587646612857,.108144345490479,6.919662402616671,114.852435039004,259.715296016736,49.17213636277229,60200
"  1386 Storeria (1935 PA)",1386,2.36468951506786,.287017544494248,11.82138891260769,161.4364165439621,153.0671149494276,79.32053516116987,60200
"  1387 Kama (1935 QD)",1387,2.258339376687012,.2083792458469668,5.537935012721038,202.9829542365173,126.001515702416,349.0129146256025,60200
"  1388 Aphrodite (1935 SS)",1388,3.019317607407471,.08925471824537827,11.19123652198901,54.32992400765282,257.9523267193188,334.5470796321966,60200
"  1389 Onnie (1935 SS1)",1389,2.867471401138447,.01199365756958371,2.052244370406354,174.531532995851,293.6962520757949,314.4170955686543,60200
"  1390 Abastumani (1935 TA)",1390,3.433857399278626,.03651919233094406,19.93475979772435,28.8858483755725,333.83648378487,300.7514096876424,60200
"  1391 Carelia (1936 DA)",1391,2.548434985683558,.1638727355606147,7.594640232884542,103.3125033349174,85.77795757531204,159.041336138039,60200
"  1392 Pierre (1936 FO)",1392,2.607048309091542,.202967947836024,12.2626941476424,358.2226015289255,43.78717645607336,39.91797634708028,60200
"  1393 Sofala (1936 KD)",1393,2.433798878501163,.109626753043493,5.845091937725685,56.64654721542165,182.9622632990392,358.4456750496003,60200
"  1394 Algoa (1936 LK)",1394,2.439266731655719,.07599966690685687,2.67607748489836,178.7538384446159,113.3573748129183,304.7660373540418,60200
"  1395 Aribeda (1936 OB)",1395,3.204844197694992,.06447443708576135,8.648796435724346,244.7906807835279,109.8069989868346,19.44337647856392,60200
"  1396 Outeniqua (1936 PF)",1396,2.247949270777109,.1649584311940867,4.493694424931388,359.4920784683874,266.3798355759703,337.2889972294226,60200
"  1397 Umtata (1936 PG)",1397,2.682202144186851,.2544156454067201,3.509271947808714,77.42118642251828,206.408561959751,307.4853596666705,60200
"  1398 Donnera (1936 QL)",1398,3.161620358941687,.09976743176251023,11.84682967456754,296.8893081889103,72.76347439137564,167.5114453156735,60200
"  1399 Teneriffa (1936 QY)",1399,2.215813523674465,.1658069227144998,6.508111303798552,161.5931616085413,223.8542432172106,99.72605994616468,60200
"  1400 Tirela (1936 WA)",1400,3.12418855508073,.2325088995155039,15.63472700681239,210.0504345624191,112.092158472499,348.7036736945264,60200
"  1401 Lavonne (1935 UD)",1401,2.226922094580503,.1793651189027068,7.287787070211771,277.4595519036836,71.06907357044217,194.2510429615256,60200
"  1402 Eri (1936 OC)",1402,2.684780044888081,.1547339424264127,14.29266237701111,266.9446544272826,11.61921166882036,308.9631819128654,60200
"  1403 Idelsonia (1936 QA)",1403,2.716317475244372,.2946242111259139,10.18277062426064,156.9766923107219,192.3093932883043,140.631538248086,60200
"  1404 Ajax (1936 QW)",1404,5.28491271513779,.1135297116399543,18.03068571077073,332.8770738024614,61.79360734721119,47.465681655475,60200
"  1405 Sibelius (1936 RE)",1405,2.251683840344772,.1456527153948512,7.032408383936793,312.0270847526714,96.02749520894812,233.7757052290991,60200
"  1406 Komppa (1936 RF)",1406,2.696387576361492,.0969462885714947,12.42531662554815,333.0328032146737,86.39014207790471,191.3338496742168,60200
"  1407 Lindelof (1936 WC)",1407,2.76185429920344,.2840190084538856,5.822257018593423,268.3287630211627,111.3419483717391,343.3014671006463,60200
"  1408 Trusanda (1936 WF)",1408,3.108234159757777,.09618415475838955,8.358217612940683,201.484216692982,187.1153182109691,337.3262961722645,60200
"  1409 Isko (1937 AK)",1409,2.677551144520312,.05762598313794185,6.708090349002081,177.5230686177935,205.8432072336115,27.96417827040175,60200
"  1410 Margret (1937 AL)",1410,3.017927186247007,.1071166947194299,10.35354717496543,170.885523466756,233.5386939275364,262.0525527242658,60200
"  1411 Brauna (1937 AM)",1411,3.003210362156944,.05880012692610794,8.038195808167034,284.5465319737476,94.1596469998436,343.2192493306376,60200
"  1412 Lagrula (1937 BA)",1412,2.214987699784631,.1119456639465626,4.71551952489251,66.04563440686323,14.25547554268304,143.0989727446111,60200
"  1413 Roucarie (1937 CD)",1413,3.018836260617197,.06579983679542428,10.23542077495683,178.7218904586953,298.6995821137183,193.745717180226,60200
"  1414 Jerome (1937 CE)",1414,2.78514171911328,.1598900637366215,8.852741776687221,143.7353021025684,2.158325477793409,217.3609851730195,60200
"  1415 Malautra (1937 EA)",1415,2.223702111075601,.08753743892285652,3.423236291116269,329.171214303988,240.9786990634758,347.2620411490354,60200
"  1416 Renauxa (1937 EC)",1416,3.015738419502775,.1086810198821863,10.03305672798977,352.5537822838372,66.02020200185937,247.9949696752827,60200
"  1417 Walinskia (1937 GH)",1417,2.972134693769419,.07815545158869863,8.269317057973625,95.98074984949356,164.1388853592084,264.6530079479624,60200
"  1418 Fayeta (A903 SJ)",1418,2.242008773832479,.2028804296528379,7.194330603776827,355.0807029617476,324.3330914443459,297.650038240961,60200
"  1419 Danzig (1929 RF)",1419,2.293269025315703,.1476038199938041,5.725924805457895,213.4833187943152,232.6501008563881,318.038815692427,60200
"  1420 Radcliffe (1931 RJ)",1420,2.748362288670433,.07825263308902973,3.489129633479012,260.7095828212524,73.24137091008375,92.15478969032748,60200
"  1421 Esperanto (1936 FQ)",1421,3.090604157041179,.08416340238071325,9.800850633685606,42.56421755528766,162.0000647797856,9.430406526960914,60200
"  1422 Stromgrenia (1936 QF)",1422,2.247357313235573,.1672916572091471,2.681095128705093,201.5372606946788,171.1505396067087,273.3132402338683,60200
"  1423 Jose (1936 QM)",1423,2.859768725353893,.08147736200320932,2.907270734324559,58.4480966245582,321.6424211821569,339.6945765332273,60200
"  1424 Sundmania (1937 AJ)",1424,3.191422960889099,.056198011569437,9.160756722772597,42.89467183126141,303.9961020513348,214.1767280859307,60200
"  1425 Tuorla (1937 GB)",1425,2.612339439494546,.09977655761026506,12.97131214941377,185.9580228239624,341.4084155465804,194.9079928588627,60200
"  1426 Riviera (1937 GF)",1426,2.580178775487009,.1611087063671807,9.06714842232735,334.9992924067978,274.7437966362979,275.0322843553623,60200
"  1427 Ruvuma (1937 KB)",1427,2.751270717842413,.2105187428452678,9.34250239138882,78.40869295824334,241.709592368282,281.2235766772129,60200
"  1428 Mombasa (1937 NO)",1428,2.809997856853109,.1420584398564865,17.30124032543785,115.635622761841,252.0848354521601,46.58414260756491,60200
"  1429 Pemba (1937 NH)",1429,2.5557962588245,.3339692766820552,7.748642828692137,47.65706817688862,298.0029239224852,17.95924836227744,60200
"  1430 Somalia (1937 NK)",1430,2.559922037489554,.1973459911353566,3.286693056217757,327.1428922931759,351.6045489143895,353.6528226940091,60200
"  1431 Luanda (1937 OB)",1431,2.618749497857854,.1842620628324274,13.98777236785345,117.6629758393368,224.1041147415749,85.05944831108928,60200
"  1432 Ethiopia (1937 PG)",1432,2.381085173539898,.226091127282941,8.270043501895946,123.2103396437314,218.4867326790766,136.3924927200132,60200
"  1433 Geramtina (1937 UC)",1433,2.798628773178862,.1675966024609803,8.244936615650191,321.4329760844057,94.56541604421265,122.0016276044729,60200
"  1434 Margot (1936 FD1)",1434,3.015460011730996,.06910407815324836,10.82892800574073,152.3252028576751,145.5857929228197,142.2845100255119,60200
"  1435 Garlena (1936 WE)",1435,2.647212412271802,.2462558652539218,4.049912590420773,188.9122333675124,269.2200151032882,42.99744487357817,60200
"  1436 Salonta (1936 YA)",1436,3.14597962659404,.06141600474120072,13.89062376617761,260.3827549067332,31.51806926069514,354.8891822107569,60200
"  1437 Diomedes (1937 PB)",1437,5.218885622921396,.04607686173489035,20.46657999475434,315.7945063018142,129.322363069776,41.97900055877004,60200
"  1438 Wendeline (1937 TC)",1438,3.157575282589045,.2377243165244579,2.043545495038804,238.2042299745295,129.03949858643,66.90370992352531,60200
"  1439 Vogtia (1937 TE)",1439,3.992984078379715,.1163928687680849,4.204309552167078,35.54943848673719,101.0807094562143,187.5247212888657,60200
"  1440 Rostia (1937 TF)",1440,3.160616095498426,.1864350340550873,2.267731499246883,46.52949274696248,350.6831661749228,120.8256396155281,60200
"  1441 Bolyai (1937 WA)",1441,2.630093293038208,.2396519941759774,13.92221344930348,253.9662655160781,115.8040130338054,75.50400363597934,60200
"  1442 Corvina (1937 YF)",1442,2.874198668009185,.07658510985316824,1.261962238532492,220.6921799679131,128.7778879269155,321.6915837245525,60200
"  1443 Ruppina (1937 YG)",1443,2.935791641164569,.06438704523577533,1.935630844479802,174.7946982820164,159.7564870541054,135.2282067145164,60200
"  1444 Pannonia (1938 AE)",1444,3.155433905670341,.1372685957631172,17.75623779744084,303.2094054643748,310.3600561998314,331.6856981680723,60200
"  1445 Konkolya (1938 AF)",1445,3.116450972142908,.1834423057197803,2.280874029034194,88.89994542031009,274.607184672199,306.9259295819911,60200
"  1446 Sillanpaa (1938 BA)",1446,2.245219054701246,.1017041985641091,5.256602079038616,17.48532672792736,195.9832552775087,81.3490652255412,60200
"  1447 Utra (1938 BB)",1447,2.535180622849303,.0408923026344311,4.78478629432398,35.38872161023285,67.2774051595357,99.72806353339159,60200
"  1448 Lindbladia (1938 DF)",1448,2.372058349985963,.1858516667969138,5.812694307288039,44.76722671710077,75.24111859494863,159.9784875479338,60200
"  1449 Virtanen (1938 DO)",1449,2.221852177549732,.1427541019428581,6.641363110680564,110.6814613746265,132.4153481647355,223.1871744742875,60200
"  1450 Raimonda (1938 DP)",1450,2.611712386974052,.1712370746483155,4.854797838415485,74.83677398286132,14.79027365996768,143.5543761974374,60200
"  1451 Grano (1938 DT)",1451,2.203209254493271,.1181729894889676,5.111822193803703,175.243505343828,51.78332761321395,4.04628149829701,60200
"  1452 Hunnia (1938 DZ1)",1452,3.108922929255303,.2021745783979213,14.21107755929476,21.34307418162122,93.96878857494619,230.6570722484123,60200
"  1453 Fennia (1938 ED1)",1453,1.896938562863776,.02842932778026646,23.67115671602955,7.052453289754217,255.3076946317589,182.2150574000963,60200
"  1454 Kalevala (1936 DO)",1454,2.365073446318595,.1420589291304534,5.091941903264411,352.4877726539704,135.5015504007506,45.55421653581631,60200
"  1455 Mitchella (1937 LF)",1455,2.246112085484074,.125531766805661,7.752085162616198,128.2411836690985,101.0417277859756,244.5265030504284,60200
"  1456 Saldanha (1937 NG)",1456,3.202390149163087,.221214226062159,10.43956619992555,282.4074311557804,65.52559650070917,330.0937425697408,60200
"  1457 Ankara (1937 PA)",1457,2.693999258917717,.1577446172892349,6.0841892518134,296.0831286837827,296.8249486077034,236.8465134247699,60200
"  1458 Mineura (1937 RC)",1458,2.626793734547322,.1814055205333423,12.53603155293206,181.6041899463967,100.2266049123389,127.6100770812769,60200
"  1459 Magnya (1937 VA)",1459,3.151315124469341,.2289186399905583,16.89632754034201,41.38347632203273,328.7323260546427,149.7617960540921,60200
"  1460 Haltia (1937 WC)",1460,2.543640221893632,.1858845056830115,6.681359801810382,74.07803510424074,357.9377048407489,60.74436119010999,60200
"  1461 Jean-Jacques (1937 YL)",1461,3.124283653843769,.04966734022843654,15.31674961736223,104.6116734729129,334.1297998173888,217.1688165042718,60200
"  1462 Zamenhof (1938 CA)",1462,3.1488456549913,.1079377324862634,.9640496679839288,24.75619309856398,186.672553036117,36.16440090592933,60200
"  1463 Nordenmarkia (1938 CB)",1463,3.1515131709682,.1945754971924278,7.257794633197019,329.1101837370326,80.03282075967121,196.1562587017049,60200
"  1464 Armisticia (1939 VO)",1464,3.00283263841509,.04485317271171144,11.54503866781198,86.55317710391387,60.41527277361937,314.1314471851433,60200
"  1465 Autonoma (1938 FA)",1465,3.027173892504129,.1781482131508736,9.921209951922021,166.9272656368788,50.43582309746727,43.02643464882065,60200
"  1466 Mundleria (1938 KA)",1466,2.377895494727282,.1560052937925081,13.144663676869,154.9617784770323,74.7220795221259,119.2953930299417,60200
"  1467 Mashona (1938 OE)",1467,3.388374034767953,.1272558641325236,21.89722439189308,326.3179294049052,350.4890078519836,242.4562436927553,60200
"  1468 Zomba (1938 PA)",1468,2.19609358254228,.2713634936590013,9.938834612433354,308.884316484797,23.25807556227962,41.65111182619616,60200
"  1469 Linzia (1938 QD)",1469,3.122621048238098,.06164080257061152,13.42451889171605,188.6933286605307,206.5119953929034,86.08653628151256,60200
"  1470 Carla (1938 SD)",1470,3.162690428935369,.07310615862391835,3.201840644619685,358.3259081165854,340.0547881431278,64.23007714171256,60200
"  1471 Tornio (1938 SL1)",1471,2.71624507285209,.119650846667774,13.60478868279312,321.9271827857106,93.69284265559649,312.6257862301669,60200
"  1472 Muonio (1938 UQ)",1472,2.234323962352728,.1984034491750239,4.567387987295799,45.16009157771937,318.9472250771189,176.5729005938982,60200
"  1473 Ounas (1938 UT)",1473,2.575395980859879,.2370197565429388,13.64610548217136,216.4575554285361,129.310498468847,232.7246306817418,60200
"  1474 Beira (1935 QY)",1474,2.737411288212116,.4886903678773812,26.67320082049875,323.374962685715,84.06161210523113,139.091101090737,60200
"  1475 Yalta (1935 SM)",1475,2.349459044903035,.1680281027042037,4.506743330874684,200.1012798380096,201.4307353318055,131.4758345292343,60200
"  1476 Cox (1936 RA)",1476,2.280494373448312,.1904788928435212,6.324676991470446,330.4665506471569,350.004913674907,109.5701403149765,60200
"  1477 Bonsdorffia (1938 CC)",1477,3.208355980212774,.2661351086452275,15.80981363619142,319.8509375280389,105.2336753672233,85.60334348713484,60200
"  1478 Vihuri (1938 CF)",1478,2.466570215630321,.08908503377295228,7.829083615293288,318.5230782636537,162.4840818831346,54.71050830317611,60200
"  1479 Inkeri (1938 DE)",1479,2.673492170022083,.1948653159585171,7.296931474524881,18.02172054184442,79.81685142262683,226.9232781886665,60200
"  1480 Aunus (1938 DK)",1480,2.202484529483543,.1089184855413233,4.859913209556888,63.5847280273445,65.61975419477152,86.19622347655029,60200
"  1481 Tubingia (1938 DR)",1481,3.016780622175007,.0417123004744678,3.508001165611584,353.6480891869638,315.3196349079485,334.3870036701343,60200
"  1482 Sebastiana (1938 DA1)",1482,2.874767545276075,.03632517231494874,2.972612356328654,70.98841434464943,217.6156312716949,83.42772006467978,60200
"  1483 Hakoila (1938 DJ1)",1483,2.716486861380488,.1802377483139712,4.489371073522537,71.76989046402262,88.44558423214846,37.10278887539446,60200
"  1484 Postrema (1938 HC)",1484,2.735697042496942,.2066394081532442,17.29617031329892,72.60375813625973,126.976070782328,312.733901232927,60200
"  1485 Isa (1938 OB)",1485,3.028432215511046,.1180273478805923,8.917973413646111,297.4084320397296,47.15075040766236,43.45243655901868,60200
"  1486 Marilyn (1938 QA)",1486,2.198812125673506,.1244110291828503,.07465612115176203,332.7638604704378,350.6557973161691,38.58419196963519,60200
"  1487 Boda (1938 WC)",1487,3.134983113780606,.1238733218902117,2.467239061549235,97.03765619705266,106.9217176441013,323.8735427759162,60200
"  1488 Aura (1938 XE)",1488,3.03990952237423,.1134802937301008,10.55689974372097,354.246941138286,114.8009150908168,.5240768192815548,60200
"  1489 Attila (1939 GC)",1489,3.18355801517045,.1527756709060899,2.472671827021491,154.575146482694,26.76342604819488,298.5369507173743,60200
"  1490 Limpopo (1936 LB)",1490,2.352570212065899,.1546603317647448,10.02113716715257,254.2367765058821,90.96879131461412,359.1670219855139,60200
"  1491 Balduinus (1938 EJ)",1491,3.238475266684573,.1275825535408976,3.640644887016054,313.0112405478833,160.2546016965392,348.5387664121394,60200
"  1492 Oppolzer (1938 FL)",1492,2.17318271381771,.116572037649649,6.05545155471533,137.71265254,81.88407562610524,218.949450689902,60200
"  1493 Sigrid (1938 QB)",1493,2.429283074911772,.2014251215112745,2.576641385384837,330.5566805451095,1.55999862811432,170.8484015890424,60200
"  1494 Savo (1938 SJ)",1494,2.189786746816463,.1313310707554743,2.456938534478671,194.9813831540189,184.4494689511097,63.0827251638853,60200
"  1495 Helsinki (1938 SW)",1495,2.638412447560856,.1547897333539945,12.72495459667828,13.06139830238519,268.4967253219399,1.428901040664439,60200
"  1496 Turku (1938 SA1)",1496,2.205800730044737,.1615470270006227,2.500770168341656,294.3455201854922,.9420781858380282,32.40799820834971,60200
"  1497 Tampere (1938 SB1)",1497,2.89293890885446,.08338209270079035,1.057626802032682,299.9138114781971,28.2276737937724,124.2781446778565,60200
"  1498 Lahti (1938 SK1)",1498,3.105490000594063,.235273209968938,12.65809806535409,265.063539198433,96.89489520864693,204.033731716029,60200
"  1499 Pori (1938 UF)",1499,2.67031327671743,.1862084961628529,12.17577426290164,239.5560646967107,74.66072663740171,218.0849492030481,60200
"  1500 Jyvaskyla (1938 UH)",1500,2.242330231132237,.1899470827059398,7.43429926366399,19.88082348805756,17.09346156585153,98.72920891171044,60200
"  1501 Baade (1938 UJ)",1501,2.544133505793265,.2407446188779326,7.30058838566726,16.87702155514151,14.23949843148904,318.5498749760483,60200
"  1502 Arenda (1938 WB)",1502,2.731421189368476,.08859221944708046,4.095809200612713,204.3308629446626,273.4251275747672,239.575880309177,60200
"  1503 Kuopio (1938 XD)",1503,2.626956864839433,.1014569159858267,12.34175576277819,316.8255826397768,178.3608846210036,304.0616160551249,60200
"  1504 Lappeenranta (1939 FM)",1504,2.400643564087542,.1556975074959306,11.04808555256895,94.71537915739408,51.11905367248006,291.3602047467385,60200
"  1505 Koranna (1939 HH)",1505,2.663071492194709,.1322949465600206,14.48250731030957,248.1557766854261,343.5408566551639,154.722424627109,60200
"  1506 Xosa (1939 JC)",1506,2.571336581999768,.2609098673978559,12.56545138887651,234.455416198201,45.28357006706046,143.5040924498104,60200
"  1507 Vaasa (1939 RD)",1507,2.33208220846825,.2443344586880946,9.221860766760463,292.7845630245486,50.47967242462654,222.921379347507,60200
"  1508 Kemi (1938 UP)",1508,2.768843561598795,.4186724321501981,28.73006792078049,13.8479708821489,93.51183749467556,103.8142491759561,60200
"  1509 Esclangona (1938 YG)",1509,1.866284218989054,.03243199170630826,22.31872911304961,283.4821016042212,268.1232417673677,355.3029609080183,60200
"  1510 Charlois (1939 DC)",1510,2.670595822805971,.1492685217969816,11.82542373822955,331.3562559144369,164.8719713995918,153.6235727032331,60200
"  1511 Dalera (1939 FB)",1511,2.356951053070292,.1095504037285503,4.067932096866957,81.71089181018596,97.06045097738793,114.9795269827109,60200
"  1512 Oulu (1939 FE)",1512,3.963557633206315,.1421286051588173,6.468496504514858,10.04916439088882,237.5765999674937,249.658443278603,60200
"  1513 Matra (1940 EB)",1513,2.193078189827362,.09788181162487669,3.97621807889488,136.140162703818,27.26656590370638,272.2505424265517,60200
"  1514 Ricouxa (A906 QG)",1514,2.240515973569196,.199198017655921,4.536270711607173,145.8227960375082,179.3772608723744,328.4765569502434,60200
"  1515 Perrotin (1936 VG)",1515,2.570203681013234,.2363689506236481,10.68371113733468,49.16160377858048,350.386417947193,34.1622959965391,60200
"  1516 Henry (1938 BG)",1516,2.622435740235,.1858824488109627,8.748002914707198,125.8175402579546,94.03035904938926,8.065548682778315,60200
"  1517 Beograd (1938 FD)",1517,2.717415087921342,.04391116281214451,5.272442532439594,63.83384815298304,229.5328891102677,285.6760893086154,60200
"  1518 Rovaniemi (1938 UA)",1518,2.225778641818531,.1426829666366705,6.712767166809657,27.7157972075875,37.27167866088514,179.4895805501284,60200
"  1519 Kajaani (1938 UB)",1519,3.125361562150126,.2401501063483847,12.60848977512085,15.7816887930905,339.0095107765087,126.8436814172019,60200
"  1520 Imatra (1938 UY)",1520,3.111220943379652,.09489844660207854,15.27389156707765,253.2724572040083,119.343395370014,212.2354824650406,60200
"  1521 Seinajoki (1938 UB1)",1521,2.849748167123385,.1395231440232226,15.03136423032543,12.43476338992189,49.91309476381166,212.7257755734839,60200
"  1522 Kokkola (1938 WO)",1522,2.36829543436359,.07102207800210897,5.351174124159126,60.51858138708623,30.83595009919594,71.16588681472824,60200
"  1523 Pieksamaki (1939 BC)",1523,2.242144522265745,.09370204003193634,5.140177055753597,327.7497937409404,188.4090526906995,56.00834570032941,60200
"  1524 Joensuu (1939 SB)",1524,3.108289761279337,.1205464541021817,12.6991774116573,347.6332862292079,1.168528965994381,125.8578741402817,60200
"  1525 Savonlinna (1939 SC)",1525,2.696833069398135,.2632690943550247,5.867221401293122,278.897907151833,65.36504241585975,4.384013106718261,60200
"  1526 Mikkeli (1939 TF)",1526,2.314569875735378,.1873598549826519,6.206346316449209,336.8649552422912,72.97798922909547,277.1975816434679,60200
"  1527 Malmquista (1939 UG)",1527,2.226659646874924,.198632336535031,5.191288220541648,16.09401993463543,304.4650785462142,136.26900519817,60200
"  1528 Conrada (1940 CA)",1528,2.41391972192326,.1450854106510657,8.518652297025815,139.3484646839349,59.15352728061965,48.90567721789029,60200
"  1529 Oterma (1938 BC)",1529,3.987605576458031,.2020683362235902,9.060510234754767,100.5926580219019,294.6599998977464,323.3656911391407,60200
"  1530 Rantaseppa (1938 SG)",1530,2.248170778473905,.1989389229318018,4.421795601932343,285.73416277055,84.93291572652814,62.24200702584691,60200
"  1531 Hartmut (1938 SH)",1531,2.626340124947662,.1543040824054501,12.41424719163816,278.8470354145217,143.2081359079216,295.8740067584993,60200
"  1532 Inari (1938 SM)",1532,3.003753741825153,.04708991990932272,8.777481740601196,330.5179944431807,127.0270253411952,17.6080712910618,60200
"  1533 Saimaa (1939 BD)",1533,3.011943964067886,.04065245582362471,10.71313998527828,156.5469225833125,8.083164777053003,44.37016192999234,60200
"  1534 Nasi (1939 BK)",1534,2.730971981004326,.2511812529971732,9.793687852281701,62.09154389429792,42.34956911164612,295.7182239998598,60200
"  1535 Paijanne (1939 RC)",1535,3.165753931995154,.1930164515228524,6.057468519891043,264.7180579825936,40.56439265363301,47.57582059679088,60200
"  1536 Pielinen (1939 SE)",1536,2.204512913620944,.1950716577783692,1.535191830700475,195.6293806448516,170.7122851639673,238.5634253968922,60200
"  1537 Transylvania (1940 QA)",1537,3.060605218329418,.2937204422173775,3.855540189336322,229.8751439901087,148.6404094544143,188.592733940164,60200
"  1538 Detre (1940 RF)",1538,2.362269591046858,.2182514151396571,9.441801672505379,343.1770240435142,13.85685756533263,302.6960900560924,60200
"  1539 Borrelly (1940 UB)",1539,3.141257347617144,.191753407016146,1.732590767095033,142.9704637950752,250.4843487960275,297.3148654198718,60200
"  1540 Kevola (1938 WK)",1540,2.847549640161093,.08537187095994912,11.97141261256039,52.45010587771611,111.9571533535314,130.0039923702369,60200
"  1541 Estonia (1939 CK)",1541,2.76749622196172,.06914928321605313,4.87044205757389,1.359827374153133,190.9490470379375,98.91292817376124,60200
"  1542 Schalen (1941 QE)",1542,3.094678839194675,.1184856107354507,2.76863133325043,211.617665420734,163.5905494864685,.409600470687963,60200
"  1543 Bourgeois (1941 SJ)",1543,2.631133848400236,.3244668465509669,11.02683933984769,287.866504836247,25.94873860909142,94.55627162539879,60200
"  1544 Vinterhansenia (1941 UK)",1544,2.373792725077289,.1039988036370542,3.332848178461847,59.90002483155404,356.301394934683,124.6124992837729,60200
"  1545 Thernoe (1941 UW)",1545,2.769147570619739,.2379836133884961,2.953715641183388,51.79214888526473,90.12288022424421,195.8527156600599,60200
"  1546 Izsak (1941 SG1)",1546,3.173684484266575,.1273876337790414,16.12012511343581,190.3025196479863,280.7646726196089,101.172105679464,60200
"  1547 Nele (1929 CZ)",1547,2.645818402792082,.2513158455029935,11.72044441338647,291.2280634125306,154.7291860336551,30.13473833569844,60200
"  1548 Palomaa (1935 FK)",1548,2.78760435910689,.08145166672153513,16.55166910879159,116.9017658960291,87.59778711072757,345.2353634918181,60200
"  1549 Mikko (1937 GA)",1549,2.230862494907734,.08310027985217727,5.546331931825549,85.22130422636435,6.593264996435666,65.12714486585169,60200
"  1550 Tito (1937 WD)",1550,2.542604196266181,.3143805104381184,8.883695761405173,64.46555533352013,311.1001634012471,71.07628701824957,60200
"  1551 Argelander (1938 DC1)",1551,2.394886577160188,.0659436287899577,3.760165308088075,107.2147285344748,232.7835179377885,213.8176214843202,60200
"  1552 Bessel (1938 DE1)",1552,3.008749474317649,.1003918228643956,9.834237848065829,9.922966805770349,40.07157067763246,240.0329778321259,60200
"  1553 Bauersfelda (1940 AD)",1553,2.907971792922247,.0955255112364649,3.229495201550183,110.7318517958958,23.04049320516594,311.3688859762208,60200
"  1554 Yugoslavia (1940 RE)",1554,2.619971008196372,.2014627453582712,12.14649177419614,217.0458564003943,131.4386016182235,214.0596932410364,60200
"  1555 Dejan (1941 SA)",1555,2.691425576902211,.2753779538447859,6.018934587508718,318.0179180219951,47.73778080052378,203.4021030793157,60200
"  1556 Wingolfia (1942 AA)",1556,3.426521222592379,.1067154943738905,15.7214912227542,91.35630398132164,266.4682531494898,84.14851634219771,60200
"  1557 Roehla (1942 AD)",1557,3.009210519948822,.1056776737150222,10.30146607857385,355.1877151335484,4.005318104837813,342.1014746762065,60200
"  1558 Jarnefelt (1942 BD)",1558,3.223291958758137,.02824469514124529,10.51030156617066,110.7753357555763,302.414520674023,108.521066158573,60200
"  1559 Kustaanheimo (1942 BF)",1559,2.389810203476484,.1353387629033753,3.188389064079455,327.8651603646917,217.3145870650336,345.415333587561,60200
"  1560 Strattonia (1942 XB)",1560,2.685865878808101,.2120647266967761,6.28072856800548,289.0843219691327,94.48985016537071,158.4494406689528,60200
"  1561 Fricke (1941 CG)",1561,3.202222635655564,.1271903013079499,4.323033365297488,230.5741007039696,42.66088037244305,89.23594963028131,60200
"  1562 Gondolatsch (1943 EE)",1562,2.226178824587258,.07873661308023291,4.884805494883588,129.4605425424627,82.81099656349353,48.07541258004066,60200
"  1563 Noel (1943 EG)",1563,2.191233919979492,.08511586049791595,5.984962566588345,53.58771603181368,116.9194642807445,295.3636730605313,60200
"  1564 Srbija (1936 TB)",1564,3.170820222520459,.198411724833255,10.95808730397456,176.9685171229015,232.7978077825175,162.951773119827,60200
"  1565 Lemaitre (1948 WA)",1565,2.3922109598942,.3485212414809886,21.49626162383776,261.1190968914541,116.38743880316,102.2574079334322,60200
"  1566 Icarus (1949 MA)",1566,1.078078246263452,.8268901712103501,22.80104694362879,87.9527054093117,31.43790554868084,168.6493296248419,60200
"  1567 Alikoski (1941 HN)",1567,3.209371339416521,.08227203539665183,17.27938686263107,51.43377982490766,109.9626086528976,152.7240889491888,60200
"  1568 Aisleen (1946 QB)",1568,2.351787539968196,.2545510038934944,24.86885955511633,146.1380188454226,229.0305508606228,102.9278134867936,60200
"  1569 Evita (1948 PA)",1569,3.146778988201464,.1321229707254828,12.25291607412741,99.43164094392471,248.2559492523561,125.459176265439,60200
"  1570 Brunonia (1948 TX)",1570,2.844187365200671,.05643842652097266,1.666849403822468,189.9931156366213,227.7771768322082,190.1957352414279,60200
"  1571 Cesco (1950 FJ)",1571,3.142032891364753,.1150633342648763,14.59328469429609,292.3276014395078,141.1730951405848,159.9462211231374,60200
"  1572 Posnania (1949 SC)",1572,3.111496840305752,.2038233330143427,13.27235111746994,5.885222934025355,354.3525425059383,173.6610325471689,60200
"  1573 Vaisala (1949 UA)",1573,2.370114520003826,.2315576450944557,24.56026787807626,202.3492616501536,173.9024139407777,99.14028844346852,60200
"  1574 Meyer (1949 FD)",1574,3.54013064610823,.03437744928798481,14.47760288565042,245.6015720372973,259.2341049734951,105.5485825321318,60200
"  1575 Winifred (1950 HH)",1575,2.373749913353485,.1798099744662082,24.83529804410475,206.7684715209228,348.3872739310472,31.43302703351577,60200
"  1576 Fabiola (1948 SA)",1576,3.145110482447871,.1678346301831374,.9548199204184629,166.5930827472617,246.92458962,155.5300872680191,60200
"  1577 Reiss (1949 BA)",1577,2.230730607256211,.1660622013087065,4.355408223030466,123.5304935439993,266.4090194202647,203.8995263006169,60200
"  1578 Kirkwood (1951 AT)",1578,3.929278862631282,.2413031481810605,.8079414483424524,74.01340494941157,1.752677573203165,114.0850011801741,60200
"  1579 Herrick (1948 SB)",1579,3.433804210549972,.1264621597323768,8.764218501363219,184.1246868032992,279.2994418531822,225.0492200763035,60200
"  1580 Betulia (1950 KA)",1580,2.197508864229152,.4870368493408007,52.14656570438171,62.23070886120638,159.5887100864592,198.1138268856402,60200
"  1581 Abanderada (1950 LA1)",1581,3.157638580322783,.1226324719997867,2.538972504605209,104.8005237094936,89.50472906458465,67.42625881595397,60200
"  1582 Martir (1950 LY)",1582,3.155576530066165,.1257042427504663,11.60711587220796,93.88973774496579,128.011500535324,56.44600085188482,60200
"  1583 Antilochus (1950 SA)",1583,5.145354190325023,.05395537701422728,28.48995150723116,221.3731297933103,187.8885960640523,65.8009810550804,60200
"  1584 Fuji (1927 CR)",1584,2.375483207891715,.1955511291507281,26.6397809685916,305.3426160345552,189.0265558810091,130.5842106737544,60200
"  1585 Union (1947 RG)",1585,2.928758919754763,.3088857928477035,26.177941665138,150.0772698351723,264.1315424427069,17.66936648633642,60200
"  1586 Thiele (1939 CJ)",1586,2.429299217127142,.1060860558771826,4.058462348492698,125.8419534789646,30.14992934700966,102.0116974137398,60200
"  1587 Kahrstedt (1933 FS1)",1587,2.543855047278234,.155105987573904,7.83351328544861,357.3498349573199,98.35816241698866,169.9151078263608,60200
"  1588 Descamisada (1951 MH)",1588,3.028604583695984,.07049567950460792,11.26169710755426,98.54780778457763,222.6677124652761,195.3713808991731,60200
"  1589 Fanatica (1950 RK)",1589,2.416959749069763,.09276301546364216,5.260863248039414,90.26841529166951,288.974829003077,126.6146785699752,60200
"  1590 Tsiolkovskaja (1933 NA)",1590,2.230093417482087,.156448263371721,4.350968026195639,226.5000430530019,52.62230999454266,33.59992192458899,60200
"  1591 Baize (1951 KA)",1591,2.390862676040553,.1767961300546388,24.8332870418368,90.43807340242488,163.7472258979804,189.7052693701834,60200
"  1592 Mathieu (1951 LA)",1592,2.76612661708855,.3049145718964353,13.53136057345535,106.129507397246,177.9351657220328,235.6725655514797,60200
"  1593 Fagnes (1951 LB)",1593,2.22480504211736,.2810592825080006,9.977800720330322,120.0071626008283,185.3047928057694,248.0774217605713,60200
"  1594 Danjon (1949 WA)",1594,2.269369164382379,.1948151593347517,8.943146146723238,69.38248756094266,222.1620920440069,313.4109708181332,60200
"  1595 Tanga (1930 ME)",1595,2.644736341165935,.1111374265134437,4.163086836262457,112.1718408614594,189.6259104233864,220.6170403469378,60200
"  1596 Itzigsohn (1951 EV)",1596,2.88989732284469,.1294987516670162,13.28930895453678,248.9537095449555,159.5629762732967,25.59079633965982,60200
"  1597 Laugier (1949 EB)",1597,2.848590542274218,.08833611486441126,11.80269639730099,158.5916367997765,53.10122042691862,158.4294009267022,60200
"  1598 Paloque (1950 CA)",1598,2.333179029636947,.08024578522892128,7.534104940244045,297.9813167175231,301.2810902393636,135.637692264065,60200
"  1599 Giomus (1950 WA)",1599,3.129990158262107,.1411701470940891,6.093143846699426,43.28109255512352,354.9574403262804,43.33827162982181,60200
"  1600 Vyssotsky (1947 UC)",1600,1.848832595032703,.03724481420130674,21.1725829127039,60.56566581150135,50.56767195485011,341.8647699707435,60200
"  1601 Patry (1942 KA)",1601,2.235032085314358,.1291176056322956,4.939475246210441,74.64113446556706,196.9258405076948,99.35472455872861,60200
"  1602 Indiana (1950 GF)",1602,2.244378403199135,.1034334494832249,4.162209263540457,75.04254192877806,73.95997246373803,341.4656999595036,60200
"  1603 Neva (1926 VH)",1603,2.754036506803379,.09443074938866212,8.552673225665794,129.9515962668946,255.7881049553993,75.76783705126027,60200
"  1604 Tombaugh (1931 FH)",1604,3.025309876894843,.1045856588496511,9.384483958535258,308.9349669967765,37.69410990291284,52.46367337125486,60200
"  1605 Milankovitch (1936 GA)",1605,3.013199073778489,.07135623001585555,10.58113372239354,173.6062317755581,276.6600478141154,4.515188499786918,60200
"  1606 Jekhovsky (1950 RH)",1606,2.688752862067704,.3182932895655238,7.721166077944755,190.3028130638201,142.9078878235838,195.9844377047433,60200
"  1607 Mavis (1950 RA)",1607,2.550499447949289,.3032356986939788,8.580867156794309,122.3689429219081,236.2679725949296,330.6040384593633,60200
"  1608 Munoz (1951 RZ)",1608,2.214068068642955,.1690922652648853,3.943544581486938,356.9277818758696,316.4656189467502,330.9368958589438,60200
"  1609 Brenda (1951 NL)",1609,2.582937861629458,.2491446864831434,18.6306649570849,105.1894999426823,229.1115729355384,111.1181961476562,60200
"  1610 Mirnaya (1928 RT)",1610,2.202823188196629,.1990580987393839,2.197220536688048,359.6362847771823,14.93141651215732,10.80433844943155,60200
"  1611 Beyer (1950 DJ)",1611,3.173659054231623,.1600917194832016,4.2777126454523,237.4001905400839,74.78203748044287,175.2321895201515,60200
"  1612 Hirose (1950 BJ)",1612,3.100101667172329,.09232980240666949,16.83787927933917,319.4708423822045,243.9876629211515,119.6869451082268,60200
"  1613 Smiley (1950 SD)",1613,2.736515438982325,.260156669046705,7.97416114977632,320.7189373211303,126.6076058443536,348.1235262329025,60200
"  1614 Goldschmidt (1952 HA)",1614,2.994614108659103,.07024891836711056,14.10948429215031,162.2403813934652,348.4425156799003,322.4634237210469,60200
"  1615 Bardwell (1950 BW)",1615,3.118353540036397,.1833231825489223,1.691246044014822,152.4388155195649,254.1433586064786,202.0573531147304,60200
"  1616 Filipoff (1950 EA)",1616,2.909132321680763,.01568262235974106,8.484717217543379,48.03242325581085,13.69544508986703,57.32659345363705,60200
"  1617 Alschmitt (1952 FB)",1617,3.203727855440546,.1244991319747298,13.25334260899854,154.9240389341872,24.57287831967071,186.3456154208127,60200
"  1618 Dawn (1948 NF)",1618,2.867131095690788,.03087588336427402,3.222614110894758,102.8047811178127,179.2015119462103,175.3764575291216,60200
"  1619 Ueta (1953 TA)",1619,2.240798132333022,.1757406185013918,6.21057987540118,61.45657867346942,328.372142685973,291.9929450462434,60200
"  1620 Geographos (1951 RA)",1620,1.245685841371684,.3355167993126496,13.33611530092578,337.171894032707,276.9535896841236,5.842707541129352,60200
"  1621 Druzhba (1926 TM)",1621,2.23021016948942,.1193064926527708,3.172738620169164,181.82749849971,238.3126382677145,4.071997366737167,60200
"  1622 Chacornac (1952 EA)",1622,2.23469792498905,.1625927168680376,6.459932506982303,4.319803246784128,256.5502255846986,75.61695507788279,60200
"  1623 Vivian (1948 PL)",1623,3.143018618525602,.1545432103535305,2.502718129769703,115.3481370447672,320.9475962987856,96.4657557157657,60200
"  1624 Rabe (1931 TT1)",1624,3.187633950283452,.09388247961510356,1.996918180021109,133.3648642311404,28.27991024540578,299.1961390556992,60200
"  1625 The NORC (1953 RB)",1625,3.185482497362315,.2349653684402609,15.50000208267591,320.3701900392782,286.5211736574487,168.0216804130355,60200
"  1626 Sadeya (1927 AA)",1626,2.363272897083584,.2736711981905279,25.31747102214653,279.4607859096792,149.2987730688688,247.0296131447818,60200
"  1627 Ivar (1929 SH)",1627,1.863522745896941,.3964298994659091,8.450493419252396,133.1150861538155,167.81420909949,1.476111078744482,60200
"  1628 Strobel (A923 RT)",1628,3.017767742423135,.06351248116176278,19.37092671564148,181.1348220567751,287.0204103710349,301.0953437327448,60200
"  1629 Pecker (1952 DB)",1629,2.237835592506077,.1547997906734114,9.701965370593502,132.6802299872814,106.5263462977577,54.59352633409708,60200
"  1630 Milet (1952 DA)",1630,3.028326892490031,.1678252182843975,4.537200635549421,54.44366109766564,95.04903314394763,195.0594779897841,60200
"  1631 Kopff (1936 UC)",1631,2.235748920355148,.2136792215825242,7.491349292024518,16.78264637324923,315.2047611058297,35.89876942009779,60200
"  1632 Siebohme (1941 DF)",1632,2.65576700851559,.1366879925253068,5.719057850651178,199.7129176069913,126.709612100054,210.4989677755248,60200
"  1633 Chimay (1929 EC)",1633,3.190209080961997,.1285134406423689,2.666711047873807,113.5171305363982,71.8055973889408,250.1925215512234,60200
"  1634 Ndola (1935 QP)",1634,2.246864456023944,.1616108154145131,7.597431655080135,90.69008617527535,191.2588516080917,86.55991581571085,60200
"  1635 Bohrmann (A924 EV)",1635,2.855515856118945,.06079121069939742,1.825787719332639,184.3237757701096,135.9326786723279,86.91602084457506,60200
"  1636 Porter (1950 BH)",1636,2.234537975228688,.1273905525708792,4.436037063538953,168.335735421631,239.2358367166372,92.76840344907976,60200
"  1637 Swings (A907 GX)",1637,3.070782406649075,.04991162537243562,14.0843202552033,21.16986067773991,238.5829558313253,163.5729578232421,60200
"  1638 Ruanda (A912 HJ)",1638,2.751670040229258,.1891440296037091,.2965457601514316,200.4920576642178,86.78588109431028,102.9355176841049,60200
"  1639 Bower (1951 RB)",1639,2.573632754211444,.14801316315663,8.440968796405041,324.1379240553706,106.6840535024558,111.9723130383483,60200
"  1640 Nemo (1951 QA)",1640,2.289238147688748,.3426277187595171,7.107767244943186,355.4253501593335,354.8962037637972,286.5133143940374,60200
"  1641 Tana (1935 OJ)",1641,3.020759488284133,.0981214186462027,9.319382405636762,331.3831544725555,.7358837331104249,272.7049022375908,60200
"  1642 Hill (1951 RU)",1642,2.751167969778227,.06735276804632642,10.80276650511982,339.028240547981,149.1222931842694,146.4890406503281,60200
"  1643 Brown (1951 RQ)",1643,2.488409854084458,.2024202264763088,3.512924312200706,287.8657654590571,90.02708780507031,99.96647826663296,60200
"  1644 Rafita (1935 YA)",1644,2.546880910251972,.1574378509582405,7.02910203534493,270.8332838717915,197.5006654994058,186.3662464518454,60200
"  1645 Waterfield (1933 OJ)",1645,3.060967260759448,.1102639506768452,1.026445955962154,265.3200571211666,106.7747251596317,260.1004810087022,60200
"  1646 Rosseland (1939 BG)",1646,2.360846118841156,.1186307397213236,8.379304634187841,119.952891275279,279.8975524595011,198.6361101782604,60200
"  1647 Menelaus (1957 MK)",1647,5.20806633080264,.02271601759209608,5.65246446132954,240.3032133560137,294.1037594356977,272.0991567842737,60200
"  1648 Shajna (1935 RF)",1648,2.235119864809127,.2072770309591249,4.571925689658127,130.3442157765737,134.7865845538459,179.3851879482557,60200
"  1649 Fabre (1951 DE)",1649,3.0200416752335,.04444471990473298,10.8094047363452,145.3313605680734,19.43339512653845,287.6241292853153,60200
"  1650 Heckmann (1937 TG)",1650,2.435563889673828,.1628567342766891,2.750913908210066,199.6897498403824,56.69417824650402,328.4229075393997,60200
"  1651 Behrens (1936 HD)",1651,2.179476168992706,.06684222388005885,5.077947138575822,187.4367903893511,339.4845619118038,101.4020327456873,60200
"  1652 Herge (1953 PA)",1652,2.251377066371059,.1500648024834819,3.198109793126486,251.6544661679207,13.00836815348856,317.0543222781702,60200
"  1653 Yakhontovia (1937 RA)",1653,2.611469902227636,.322887860354351,4.067074115004334,303.966506095064,88.73265230661731,118.9311762616769,60200
"  1654 Bojeva (1931 TL)",1654,3.018454153927254,.08631361514108386,10.42482775626271,25.15756928702802,333.3146753224919,212.9773135891509,60200
"  1655 Comas Sola (1929 WG)",1655,2.783986342916237,.2310586248177466,9.583621592745443,111.0522466950526,323.6362701976215,70.87911258700932,60200
"  1656 Suomi (1942 EC)",1656,1.877852121111994,.1234164804078637,25.0691042182378,175.5270099806072,287.3851144833365,297.5962750062889,60200
"  1657 Roemera (1961 EA)",1657,2.347306779118529,.2374839089265789,23.38374847426376,105.3003734835445,54.28811339684066,136.0550780377154,60200
"  1658 Innes (1953 NA)",1658,2.559518900763133,.1833717938255503,9.094553148148698,95.39255394335528,188.949357192782,56.69350940050169,60200
"  1659 Punkaharju (1940 YL)",1659,2.783331115883891,.2605827345518942,16.42941455471253,338.208656675804,36.48330990003941,350.2661910769232,60200
"  1660 Wood (1953 GA)",1660,2.395790190688943,.3002821058163768,20.59881126669493,212.6654984586819,277.2872149212623,46.86543958243882,60200
"  1661 Granule (A916 FA)",1661,2.183318057991102,.09082462938021624,3.034975288764449,261.6563546909945,327.740477682718,73.42936873216188,60200
"  1662 Hoffmann (A923 RB)",1662,2.742249385095837,.1738670291570919,4.228806739560785,330.5253112164506,63.67718998037397,337.0522543547204,60200
"  1663 van den Bos (1926 PE)",1663,2.239453648279065,.1797758858430863,5.360888823625839,83.17448113978881,275.2719205492689,319.9861631000765,60200
"  1664 Felix (1929 CD)",1664,2.337180886991369,.2258078073124167,6.115890854954768,43.9886225974416,107.5783995462598,158.1313720387919,60200
"  1665 Gaby (1930 DQ)",1665,2.414775458699632,.2055192590140823,10.82686702148008,91.44173202246374,5.762298230894475,24.10305279330801,60200
"  1666 van Gent (1930 OG)",1666,2.185776795248425,.1820650102466177,2.686778297737711,263.0620486946725,83.6931825637887,265.6910807058067,60200
"  1667 Pels (1930 SY)",1667,2.190057563013692,.1559767358615517,4.616198083883204,80.83348828402357,195.8871829551015,302.5772053526524,60200
"  1668 Hanna (1933 OK)",1668,2.807832035538472,.2161736278711089,4.739907396385529,160.9465058075814,191.1931155198051,36.15448072091988,60200
"  1669 Dagmar (1934 RS)",1669,3.141310390409817,.1082531398620433,.9393874662678751,18.99411451351647,178.6607851338165,155.81220264562,60200
"  1670 Minnaert (1934 RZ)",1670,2.901122571552222,.105055661309661,10.51033165513422,59.09300165851471,19.13758280505303,297.3183966302739,60200
"  1671 Chaika (1934 TD)",1671,2.590094172768254,.2541814321456126,3.970542046075629,177.0273616732775,250.3661910855661,98.73443621452202,60200
"  1672 Gezelle (1935 BD)",1672,3.169853747561276,.2784478375661037,1.068131412152851,181.3173932928001,254.9319246772953,207.9420673440351,60200
"  1673 van Houten (1937 TH)",1673,3.098207883290273,.1829083371711523,3.592406922952984,208.0125777861732,209.1632925050914,239.0071722009313,60200
"  1674 Groeneveld (1938 DS)",1674,3.192927456412789,.1270854225734332,2.664130191730165,95.55342086038605,4.425747592037935,65.84500777290788,60200
"  1675 Simonida (1938 FB)",1675,2.233626072764785,.1254168771003975,6.791203765536004,30.08569048715772,50.36611681325829,308.3338502671778,60200
"  1676 Kariba (1939 LC)",1676,2.235848355176466,.1866622781644688,6.127803736654477,54.53668780234089,204.6629196700595,69.73219435338328,60200
"  1677 Tycho Brahe (1940 RO)",1677,2.532193396699969,.1071555297869345,14.85919240669955,337.8786012877557,317.6993713922366,260.2274159683143,60200
"  1678 Hveen (1940 YH)",1678,3.157858186941467,.1096952316605447,10.19520816592702,351.5798569034699,120.5278338178421,249.0888677230644,60200
"  1679 Nevanlinna (1941 FR)",1679,3.118030977916121,.1525406815301109,17.97263652331075,177.4105175837124,89.63951690789544,271.1909522399993,60200
"  1680 Per Brahe (1942 CH)",1680,2.725678438202503,.1819041882211623,4.259697965841435,83.32793030887369,158.1650653067617,340.7450492321733,60200
"  1681 Steinmetz (1948 WE)",1681,2.698543798612657,.2046478424801947,7.204844666374387,94.33080555905489,1.072079102198381,299.541903406669,60200
"  1682 Karel (1949 PH)",1682,2.239202274657764,.1919171353469614,4.026861070697892,325.7103884794411,10.03875813392572,33.69332795282202,60200
"  1683 Castafiore (1950 SL)",1683,2.73609889519216,.1774986909136594,12.4683596151722,326.5594088390769,347.0688085278206,89.99154661998126,60200
"  1684 Iguassu (1951 QE)",1684,3.09685684969896,.130616996520908,3.667044463775717,105.0311379614821,155.4719230238784,149.8210893606703,60200
"  1685 Toro (1948 OA)",1685,1.367506874916304,.4360725084034787,9.383400373049453,274.2219794346678,127.2363658008581,309.8252434945329,60200
"  1686 De Sitter (1935 SR1)",1686,3.165869149167817,.1589781513260803,.6161503839809149,6.35808475224054,294.6082090558735,283.3039204873533,60200
"  1687 Glarona (1965 SC)",1687,3.165022666821943,.168485438884988,2.630520737371522,93.46822886965386,317.0938300403866,87.42213049976741,60200
"  1688 Wilkens (1951 EQ1)",1688,2.618481853700828,.2415438705464676,11.75749900785967,245.7322575017679,42.30539934707895,311.158059843248,60200
"  1689 Floris-Jan (1930 SO)",1689,2.448776058535686,.2066407844816573,6.376639022932021,123.1435457168762,264.9424049226005,64.86788208062262,60200
"  1690 Mayrhofer (1948 VB)",1690,3.037525962651909,.09611242818782659,13.05610831668879,230.2421291294211,154.69291958579,75.50539756267355,60200
"  1691 Oort (1956 RB)",1691,3.15987524554141,.1769394303807916,1.086913192238181,174.5610171489533,232.5590753498226,265.9138620718441,60200
"  1692 Subbotina (1936 QD)",1692,2.788086252462256,.1367505052670253,2.426935313644558,199.5607819917195,111.8291365375988,268.7799256487632,60200
"  1693 Hertzsprung (1935 LA)",1693,2.797977867239927,.272702532432715,11.9339857312152,69.95743387930621,234.8380843705408,268.0218780416747,60200
"  1694 Kaiser (1934 SB)",1694,2.395505476749625,.2575325330736957,11.08782739177276,13.33666744625627,356.4550123819536,349.6102970438448,60200
"  1695 Walbeck (1941 UO)",1695,2.785357230151073,.2891534280911471,16.68580618243172,218.3760337331384,139.4951122219456,248.2365886550653,60200
"  1696 Nurmela (1939 FF)",1696,2.26130510674192,.09821556192825308,6.038708817759569,20.99147342442625,165.8429750915237,295.1645892598125,60200
"  1697 Koskenniemi (1940 RM)",1697,2.374439458993792,.1166706734028999,5.661056685591702,331.5873798913433,91.84809884705618,192.3465013171958,60200
"  1698 Christophe (1934 CS)",1698,3.158702144826648,.1084944192247932,1.494755952983365,26.68000179489713,133.1791777194859,325.2386424145685,60200
"  1699 Honkasalo (1941 QD)",1699,2.211228265860536,.1652864379672457,1.971203303464582,273.5002145007752,51.79300192720638,355.947848782808,60200
"  1700 Zvezdara (1940 QC)",1700,2.360808387106047,.2251052146863295,4.512506960349996,356.8571216771179,15.50330248690341,298.0913419993958,60200
"  1701 Okavango (1953 NJ)",1701,3.159741976167745,.1928801715463559,16.2841032057358,61.15807077608176,259.4287854559364,123.9722138635297,60200
"  1702 Kalahari (A924 NC)",1702,2.856760279800969,.1429173266662399,9.958097673055688,103.8410886231289,241.3928634919898,157.8958919448807,60200
"  1703 Barry (1930 RB)",1703,2.214563270998513,.1721387464354257,4.520439535528576,112.2222359449111,213.4407694463463,92.89848540768506,60200
"  1704 Wachmann (A924 EE)",1704,2.222757528564654,.08758626256812439,.9709519035808689,259.2396581832499,281.7124176504692,.524767419339,60200
"  1705 Tapio (1941 SL1)",1705,2.299579764872448,.2451219301142298,7.712003687507688,188.5819387470124,156.4277584488171,197.6510069787862,60200
"  1706 Dieckvoss (1931 TS)",1706,2.125553418285978,.1147995355290127,1.875044779974538,279.6698970066662,339.1057041467823,336.9849356187886,60200
"  1707 Chantal (1932 RL)",1707,2.219489938798025,.1703688306037729,4.032163199605917,6.080727816571174,42.87760630519252,155.0868082755223,60200
"  1708 Polit (1929 XA)",1708,2.910413722476715,.3082800524827631,6.046152268267203,192.211201543726,248.6772870227967,290.3429060741239,60200
"  1709 Ukraina (1925 QA)",1709,2.379065454316336,.2133848341061897,7.553781668611039,300.0472068197412,42.50635130577235,253.7830882352561,60200
"  1710 Gothard (1941 UF)",1710,2.320751922594359,.2685503927042596,8.466043061647323,356.5452609882604,336.0451875622348,97.72872298354548,60200
"  1711 Sandrine (1935 BB)",1711,3.012214706442808,.1136834815229312,11.08748701821384,134.7017568303361,249.3865088508386,62.15857454020441,60200
"  1712 Angola (1935 KC)",1712,3.161508271165157,.1549071401770245,19.39684257564611,237.4547277157215,17.56328645344321,216.3056938900886,60200
"  1713 Bancilhon (1951 SC)",1713,2.228511848438854,.1841510025730725,3.746076007508884,61.0997883309364,256.3489719041695,248.7040129460444,60200
"  1714 Sy (1951 OA)",1714,2.565960172846622,.1554780030872517,7.967621046707982,300.8095698800117,321.0131122374239,217.2187204026654,60200
"  1715 Salli (1938 GK)",1715,2.398422968674746,.2411454260927835,11.47174632662518,38.89676564376454,209.093179622369,322.9461072510877,60200
"  1716 Peter (1934 GF)",1716,2.732207291554543,.09244647474800213,5.743983181780148,243.2858134231186,318.1282858914911,262.4569289048801,60200
"  1717 Arlon (1954 AC)",1717,2.195592344385778,.1290395543979925,6.190903342254786,340.4153286538132,116.4391749057042,169.9686853802372,60200
"  1718 Namibia (1942 RX)",1718,2.364445135281549,.2775164179370196,7.706036383525946,202.8203176644563,133.5909442066809,103.6276851034566,60200
"  1719 Jens (1950 DP)",1719,2.656293316495376,.222446513993174,14.27804591251322,323.4223260505276,57.68954086359771,102.969677884717,60200
"  1720 Niels (1935 CQ)",1720,2.18842746059928,.1038836109898818,.7310595347253782,127.8643259279824,309.1987740840223,189.5206343293285,60200
"  1721 Wells (1953 TD3)",1721,3.148315740616174,.04982988019077444,16.1179357694242,317.0816504027697,137.9647467829118,129.5726621716247,60200
"  1722 Goffin (1938 EG)",1722,2.51305620148082,.05090533135811722,5.466290720368137,168.0140873002152,284.4677137394905,224.7905492178122,60200
"  1723 Klemola (1936 FX)",1723,3.018327037914658,.03744431469341816,10.90564965946732,149.6435808395158,5.527005954588243,261.185309757764,60200
"  1724 Vladimir (1932 DC)",1724,2.710604523283326,.05825275508840094,12.23213027401624,163.9869740030615,296.8995416564012,247.1689159944444,60200
"  1725 CrAO (1930 SK)",1725,2.903493017451812,.08838287690703378,3.170950912030396,119.0684869079459,230.1495829980723,295.7121923358217,60200
"  1726 Hoffmeister (1933 OE)",1726,2.786032197320227,.04528285303222655,3.491526822567419,230.7543976822556,67.3833396727088,149.6181376272851,60200
"  1727 Mette (1965 BA)",1727,1.854092980733474,.1015686151425993,22.89379315837737,132.994834638866,313.1156738551147,101.6104402398161,60200
"  1728 Goethe Link (1964 TO)",1728,2.562661793372175,.09031482202743144,7.188256346950525,240.4122789100498,66.05479295348748,191.4376479192603,60200
"  1729 Beryl (1963 SL)",1729,2.230021471975714,.100076440350544,2.441233887669244,9.022596405329891,262.4650429489428,82.10580610186418,60200
"  1730 Marceline (1936 UA)",1730,2.784678069735604,.2232796637052141,9.489707067020522,171.1378768523741,226.6819105949353,251.7320306619137,60200
"  1731 Smuts (1948 PH)",1731,3.166419105590035,.1287110273444561,5.931186650242401,152.4085807133999,201.9858303233319,67.45327938565016,60200
"  1732 Heike (1943 EY)",1732,3.011426425109764,.1124582855970487,10.77811595410127,155.5914437177351,212.1371777545702,302.9784506404651,60200
"  1733 Silke (1938 DL1)",1733,2.192849394095757,.08371464062461814,4.433685647431804,159.3173800954255,307.4003134517113,153.3705006747221,60200
"  1734 Zhongolovich (1928 TJ)",1734,2.7797494802706,.2291375237035137,8.344082816680526,182.0224323632965,186.4219923890914,191.7848265357727,60200
"  1735 ITA (1948 RJ1)",1735,3.13857446816263,.1297216291402722,15.60779594946545,9.214288056765993,275.00596096985,229.5722481262844,60200
"  1736 Floirac (1967 RA)",1736,2.228418860156823,.1691193019834173,4.552582752856984,159.7113424679219,249.2644148909121,263.1182513734525,60200
"  1737 Severny (1966 TJ)",1737,3.012535675812811,.04642065583418362,9.372064530613159,327.403903386635,222.1032894128376,167.0471358712747,60200
"  1738 Oosterhoff (1930 SP)",1738,2.183716088322887,.2024281240202234,4.876443645217184,44.07356492809946,284.432621488354,308.5367047628528,60200
"  1739 Meyermann (1939 PF)",1739,2.261298249835674,.1238780657465066,3.410487130392628,203.2851683859502,81.94906590780811,304.7001339095144,60200
"  1740 Paavo Nurmi (1939 UA)",1740,2.467524637119902,.1898587504593011,1.999508244447595,296.0186579821819,78.78581032164305,243.141470600111,60200
"  1741 Giclas (1960 BC)",1741,2.884244071409423,.06683426971357742,2.885137621233179,55.34819356164328,337.6755514354698,101.5153328070205,60200
"  1742 Schaifers (1934 RO)",1742,2.890518389664836,.09828253213905495,2.498086842043181,152.1605582165471,213.0348580573479,38.63850234453874,60200
"  1743 Schmidt (4109 P-L)",1743,2.474502997777965,.1337579245530967,6.362071119136021,189.585969526056,.7161974454848714,246.1699074385611,60200
"  1744 Harriet (6557 P-L)",1744,2.229008149282826,.1212533814592176,4.406844767245196,27.4197686908195,155.6972273399726,143.7822089830632,60200
"  1745 Ferguson (1941 SY1)",1745,2.848538707932287,.05763185830010142,3.256654308007546,78.57265175458129,335.8233601194178,349.6806109021852,60200
"  1746 Brouwer (1963 RF)",1746,3.953902257039601,.208963180751963,8.36226669505395,321.914230774105,47.91110586430718,207.6466316540639,60200
"  1747 Wright (1947 NH)",1747,1.709073064525563,.1102481018144267,21.41468662141981,268.3613629289623,340.3478366363743,65.15061810332111,60200
"  1748 Mauderli (1966 RA)",1748,3.950240288560733,.215804204165218,3.301436643299583,125.60498686674,198.6144523319842,141.3821289629565,60200
"  1749 Telamon (1949 SB)",1749,5.140337100255356,.1091531291934602,6.098713836955991,340.8372897026268,113.9910164608074,357.991911555241,60200
"  1750 Eckert (1950 NA1)",1750,1.926195659200055,.1727357059507877,19.08788809430007,273.722726137044,108.969972472703,76.99059055175456,60200
"  1751 Herget (1955 OC)",1751,2.791321180910273,.1724564854497339,8.119945617755899,240.1714303806892,130.866661241897,184.2721615615467,60200
"  1752 van Herk (1930 OK)",1752,2.23854922202232,.2002393379599088,3.50631271823748,236.7817262095378,98.96258671645793,272.1855422849051,60200
"  1753 Mieke (1934 JM)",1753,3.015486396301152,.07869919644538391,11.36832070829267,58.40009807742316,230.4930628975914,342.5833311342273,60200
"  1754 Cunningham (1935 FE)",1754,3.938538419836283,.1688393632270027,12.15490385145321,162.8277846465293,110.1895680154309,358.0825830560604,60200
"  1755 Lorbach (1936 VD)",1755,3.099277129082836,.0435370877707285,10.68581432386161,157.0064851813734,318.9563972712697,283.0977342697255,60200
"  1756 Giacobini (1937 YA)",1756,2.5478639378598,.2316864731120265,5.101258548301724,290.9921461493753,100.3176507862908,72.7994117683812,60200
"  1757 Porvoo (1939 FC)",1757,2.351057916219554,.1262297135641103,3.974594735432182,39.38296399651357,148.9558924156246,144.9760810559563,60200
"  1758 Naantali (1942 DK)",1758,3.013049860329102,.03075345581407717,10.81084884534635,113.4721834270639,121.5086471610509,161.3428710937636,60200
"  1759 Kienle (1942 RF)",1759,2.650512890505323,.3131040516499629,4.560462527861577,158.629971332258,206.3939678500984,273.1498968882224,60200
"  1760 Sandra (1950 GB)",1760,3.148461875650751,.1277032307705583,8.440591682714436,232.5855534650387,331.969790503396,35.55231438580741,60200
"  1761 Edmondson (1952 FN)",1761,3.199392694363625,.219972551290989,2.45726660308936,76.44895182575083,50.70932276353808,303.4322230370266,60200
"  1762 Russell (1953 TZ)",1762,2.87564575999292,.0743091157811515,2.284991713558337,160.5268757929344,232.6868661002075,107.266078108319,60200
"  1763 Williams (1953 TN2)",1763,2.189065841990379,.203455491924863,4.233977242369536,304.4426454438687,28.82407394740251,247.2783519480441,60200
"  1764 Cogshall (1953 VM1)",1764,3.096145187968246,.1193490416087138,2.235537841823464,152.2056945541792,80.86205142700319,122.2583548260563,60200
"  1765 Wrubel (1957 XB)",1765,3.172499814728815,.1778131131827762,19.948601740598,70.14303221684386,265.770816594809,337.2200650831938,60200
"  1766 Slipher (1962 RF)",1766,2.748648127718517,.08717442835594832,5.234698466580413,188.5581018916969,170.2965010861212,141.0458576931559,60200
"  1767 Lampland (1962 RJ)",1767,3.021631678848887,.0966981991862338,9.827349076902975,192.08032023275,135.7014365529178,253.947184043844,60200
"  1768 Appenzella (1965 SA)",1768,2.450149493393717,.1801264631783989,3.253861802542234,12.3427755329603,19.89243129122533,20.89098267733403,60200
"  1769 Carlostorres (1966 QP)",1769,2.178867340712801,.1414991519043406,1.587449022945441,319.2122461911845,24.35091781913117,270.386584764307,60200
"  1770 Schlesinger (1967 JR)",1770,2.457028353706123,.05975042553737005,5.293947000596742,21.88324949973627,38.70179218643177,46.44582580363199,60200
"  1771 Makover (1968 BD)",1771,3.127978168683026,.169333247111166,11.21534319937527,86.17699480225394,316.6142733386308,91.292616878186,60200
"  1772 Gagarin (1968 CB)",1772,2.527183902668767,.1042619852916542,5.742694671760782,87.97969078783686,95.34934612246111,268.0076647218154,60200
"  1773 Rumpelstilz (1968 HE)",1773,2.437979339000451,.1274412666780145,5.40337274199016,74.67462336312289,170.0962974353722,166.8873447150697,60200
"  1774 Kulikov (1968 UG1)",1774,2.876621283776206,.06536492192023551,1.862594562625601,174.9516668930585,251.7859397996007,72.37317388685074,60200
"  1775 Zimmerwald (1969 JA)",1775,2.603062899338132,.1856278043429493,12.55433497268164,195.8781071115793,84.51927966836107,305.3842515295958,60200
"  1776 Kuiper (2520 P-L)",1776,3.104302256871901,.01778780071838362,9.485007557500307,176.440057485992,311.8562221767522,68.03060967986889,60200
"  1777 Gehrels (4007 P-L)",1777,2.62557907230996,.01932114152248347,3.147010868757823,334.5206903484917,133.3116167527599,184.9222263443336,60200
"  1778 Alfven (4506 P-L)",1778,3.13931407457738,.1341227838614843,2.472815712446254,106.1073153059729,135.4936309751359,211.6187038891535,60200
"  1779 Parana (1950 LZ)",1779,2.17548163277563,.1614101153897254,.8986224645427983,254.3235381996852,11.508617350088,299.8905546103801,60200
"  1780 Kippes (A906 RA)",1780,3.013070431734546,.05749492621356661,8.990069802060182,290.839060463697,337.5988590683413,204.6052235783245,60200
"  1781 Van Biesbroeck (A906 UB)",1781,2.395435313755385,.1070108664755008,6.946433364249985,44.54742096791256,342.7496785041222,195.9270143222022,60200
"  1782 Schneller (1931 TL1)",1782,3.118447784460968,.1523264777073566,1.545086097943862,157.3724260133709,106.6430984725576,336.9901113955377,60200
"  1783 Albitskij (1935 FJ)",1783,2.661224258617931,.1330808286406959,11.50107011537492,189.4441262905197,315.1658808112344,163.3876585291272,60200
"  1784 Benguella (1935 MG)",1784,2.404097906587914,.1334418184201278,1.472538952504205,95.26141282917307,184.5583891369873,237.3521398406106,60200
"  1785 Wurm (1941 CD)",1785,2.237167335005445,.0681870313406492,3.773631219171885,283.2002493402314,246.5431207414862,230.66066217189,60200
"  1786 Raahe (1948 TL)",1786,3.01778087744519,.1102959239819167,10.44581399119508,16.19278091640159,346.7934845544968,106.3593679350036,60200
"  1787 Chiny (1950 SK)",1787,3.008558265160669,.04755229713006372,8.898439436089602,307.0149602280936,274.3314265946973,162.6705404895688,60200
"  1788 Kiess (1952 OZ)",1788,3.116292467665294,.1534456141441138,.6823701496005207,161.9092174091838,144.2673628689765,356.4795449182348,60200
"  1789 Dobrovolsky (1966 QC)",1789,2.21284419202034,.1888367419908993,1.976318828779758,102.0659970884563,214.879902310181,133.8637106118758,60200
"  1790 Volkov (1967 ER)",1790,2.237875696328412,.09987050708742075,5.107253704737452,1.959855274466105,148.1664742818112,332.5706260985464,60200
"  1791 Patsayev (1967 RE)",1791,2.745402600291401,.1439709138737016,5.378504239958981,198.8210807669207,74.47170057503546,164.8896796758538,60200
"  1792 Reni (1968 BG)",1792,2.776759214592315,.2786334948278233,9.00911268347695,72.6742209503546,323.9789372490755,63.36157148442903,60200
"  1793 Zoya (1968 DW)",1793,2.224038590075077,.09707600756918482,1.512643014074055,225.863911886969,323.9590002974305,254.5524353799377,60200
"  1794 Finsen (1970 GA)",1794,3.12204709230218,.1574589672624645,14.66508122032697,220.5466747390812,342.6722757242406,246.6612722490391,60200
"  1795 Woltjer (4010 P-L)",1795,2.785942761704244,.1906836166134054,7.530178586088141,192.0806100210959,79.4874735264098,267.4430747781001,60200
"  1796 Riga (1966 KB)",1796,3.355794969493285,.05484292168375021,22.58685404440557,186.7046315998442,26.92686148352756,133.5154125356758,60200
"  1797 Schaumasse (1936 VH)",1797,2.237326997825186,.02485235104940122,3.138760579127841,29.63359356751072,354.9183929293199,19.94751900660926,60200
"  1798 Watts (1949 GC)",1798,2.198809892143576,.1220756972440175,6.194266236113353,44.22829830987328,3.959627696036657,81.37298331967929,60200
"  1799 Koussevitzky (1950 OE)",1799,3.026738102435901,.1188154178437905,11.48945900662374,156.5800408161718,193.6789953874437,297.6264039182606,60200
"  1800 Aguilar (1950 RJ)",1800,2.357449934985078,.1361697308312156,5.789540623760953,124.1387466954004,214.7491603613176,67.98783065330323,60200
"  1801 Titicaca (1952 SP1)",1801,3.019720798501448,.07068981460200256,10.96743506999892,77.51636431520009,13.78293054148491,104.6274726605403,60200
"  1802 Zhang Heng (1964 TW1)",1802,2.841985655045996,.03296816255358797,2.693194134728416,142.5348578788672,298.6215312437561,40.86615367477616,60200
"  1803 Zwicky (1967 CA)",1803,2.349506514295614,.2486686970470507,21.52377250508746,337.1535945902447,254.2735233821092,198.2125211487079,60200
"  1804 Chebotarev (1967 GG)",1804,2.410595616842648,.02210897780033122,3.632367928378025,325.6761014664222,302.1540555460838,319.5130833688308,60200
"  1805 Dirikis (1970 GD)",1805,3.145683840101975,.1080548930485521,2.516086257945304,78.34205146165341,92.43385302039538,258.1984840678041,60200
"  1806 Derice (1971 LC)",1806,2.236472444427134,.1058543720635513,3.842873801828253,270.95468999438,193.5984204817748,2.531555721480419,60200
"  1807 Slovakia (1971 QA)",1807,2.226608021330031,.1780134280653058,3.491074277873985,236.2775033118157,140.4446319554628,216.7481515153664,60200
"  1808 Bellerophon (2517 P-L)",1808,2.746106338423185,.1806706776052603,2.024784667504927,12.97118221810605,48.18302569292791,256.6807581598575,60200
"  1809 Prometheus (2522 P-L)",1809,2.928304283324878,.09963592934728922,3.258761401593072,99.44247591617223,230.9367834753866,236.9132498292248,60200
"  1810 Epimetheus (4196 P-L)",1810,2.22401923191506,.09267741872697663,4.032365304557675,254.0830771904791,203.9673967488715,272.2983420987638,60200
"  1811 Bruwer (4576 P-L)",1811,3.133488686340346,.1098155158153371,8.532468033695997,167.7738156434055,135.6519692504875,158.3777942990521,60200
"  1812 Gilgamesh (4645 P-L)",1812,3.010848383672434,.08291667596156323,10.26815417761808,178.5474633750071,260.3276948150778,319.0200390022806,60200
"  1813 Imhotep (7589 P-L)",1813,2.681730795936509,.08165186466451008,8.099392043906208,34.9651135184092,167.8603467871972,272.6479946738522,60200
"  1814 Bach (1931 TW1)",1814,2.225835205327598,.1304533748523103,4.345821781299661,20.19886404992232,66.13488879314518,189.4114611330099,60200
"  1815 Beethoven (1932 CE1)",1815,3.152436841203685,.1924039019904963,2.740725606574023,110.795841322977,358.3228954028483,128.4865902688178,60200
"  1816 Liberia (1936 BD)",1816,2.337741900478173,.2188880798002811,26.15910272330956,153.2786963579091,340.8840091320563,178.9083157909883,60200
"  1817 Katanga (1939 MB)",1817,2.3710654593641,.1915352439229749,25.70758029878527,88.70833104512194,140.0500352468014,47.27575390983424,60200
"  1818 Brahms (1939 PE)",1818,2.163511445364399,.1785904660860994,2.980299577667928,249.4001288793535,74.56483635547849,155.4769887436842,60200
"  1819 Laputa (1948 PC)",1819,3.132940528208116,.228545610764233,23.90292173692782,122.0947688984987,165.8728930452934,182.3529789266097,60200
"  1820 Lohmann (1949 PO)",1820,2.198615464149918,.2098527594901266,5.00012104552569,145.1610134257616,169.0149497683452,269.6331608063127,60200
"  1821 Aconcagua (1950 MB)",1821,2.378770130442973,.2003643270712303,2.101598704069271,297.3838167295087,349.7069165301901,343.5683321422699,60200
"  1822 Waterman (1950 OO)",1822,2.170168173466936,.1532656064852629,.9570872926898701,221.163123913946,30.29953143966464,3.419170146099703,60200
"  1823 Gliese (1951 RD)",1823,2.225833355127067,.1358650907947826,2.890663022410703,309.9716171074409,296.5727486843679,330.8095727575009,60200
"  1824 Haworth (1952 FM)",1824,2.88729061668975,.04049438260060108,1.924205275639498,15.01193548773083,65.46559361545394,332.9243341974025,60200
"  1825 Klare (1954 QH)",1825,2.676517644647283,.1161641615741325,4.043388902935267,288.4775823830972,144.2327188102486,204.254466415503,60200
"  1826 Miller (1955 RC1)",1826,3.000067474000298,.08337866200584357,9.225413687172582,274.0130035942545,161.0370913150168,332.800510157803,60200
"  1827 Atkinson (1962 RK)",1827,2.707739931474078,.1810723512994537,4.521147854815569,220.46142389479,240.2368524652955,169.1353567029906,60200
"  1828 Kashirina (1966 PH)",1828,3.063429420329887,.1076292805770222,14.27898357954452,184.3656149282356,223.1681051748197,180.1804688397709,60200
"  1829 Dawson (1967 JJ)",1829,2.25087081052418,.1201139553450107,6.332433422197417,293.3118701728369,142.2488346102803,45.26097321454154,60200
"  1830 Pogson (1968 HA)",1830,2.188474696928648,.05628789229371958,3.956299717328607,147.4340472734927,336.1606258429177,108.8287134377886,60200
"  1831 Nicholson (1968 HC)",1831,2.240272375341341,.1278451670221201,5.634859315402134,72.55547590624212,183.9830649679527,146.7980336022063,60200
"  1832 Mrkos (1969 PC)",1832,3.215884461290821,.09842930550541759,14.94561850614961,303.3162453926445,80.94711203865296,103.3382221562589,60200
"  1833 Shmakova (1969 PN)",1833,2.634732377436169,.1138361462905486,10.00959393725202,158.0551594867618,153.3418295429217,247.5010069251653,60200
"  1834 Palach (1969 QP)",1834,3.024662846115916,.07435463248458316,9.447610169167842,267.7607175520874,359.7013505625658,153.2169860499339,60200
"  1835 Gajdariya (1970 OE)",1835,2.833567223332074,.09092746225641186,.9852599856087757,296.1621153293741,80.69425721149129,353.0903455456537,60200
"  1836 Komarov (1971 OT)",1836,2.787130217262888,.1925475960849043,7.025693403592157,272.5676325747436,13.18197375134795,96.88772355735678,60200
"  1837 Osita (1971 QZ1)",1837,2.205483473505352,.08637294821912914,3.844855108728813,280.8942591624316,314.7931545254451,36.17316859781001,60200
"  1838 Ursa (1971 UC)",1838,3.223333113925233,.01224924487378751,22.0018954810553,44.06737210119419,34.62178643501733,322.8590581610874,60200
"  1839 Ragazza (1971 UF)",1839,2.799690399352664,.1686034979244993,10.17113454674828,50.84503930716053,349.7578969719811,19.98016034696584,60200
"  1840 Hus (1971 UY)",1840,2.917902642803746,.01474204659719371,2.40374258153464,40.34264991897014,26.96605560100538,118.0332049929173,60200
"  1841 Masaryk (1971 UO1)",1841,3.403560013858087,.1128478953170897,2.613607006640942,44.23531536589861,125.5190275948527,291.1134357001376,60200
"  1842 Hynek (1972 AA)",1842,2.265991277926761,.181056461307221,5.355412967769505,153.4284363504746,125.4939105315361,255.2039465893691,60200
"  1843 Jarmila (1972 AB)",1843,2.651446010933532,.170407252279248,8.417414987170137,266.804513699825,32.15524315819304,163.1328683389258,60200
"  1844 Susilva (1972 UB)",1844,3.014007488526042,.05082589440896884,11.79038967434093,99.34034277232783,71.5865328435324,126.8664258227218,60200
"  1845 Helewalda (1972 UC)",1845,2.972346077902126,.05540491876440679,10.71076747159765,142.5615317988007,322.2976881381015,276.8555654586984,60200
"  1846 Bengt (6553 P-L)",1846,2.338964733314617,.1411657579417403,3.183900186077212,18.95226696721916,75.88846055432731,141.4537823170186,60200
"  1847 Stobbe (A916 CA)",1847,2.609690859277895,.01966482393022779,11.14474523418162,106.8529209902565,137.7387552287418,77.42011368819763,60200
"  1848 Delvaux (1933 QD)",1848,2.870189752442121,.04625614661888851,1.440399507903007,331.5892496488758,312.767186671452,228.0057424798691,60200
"  1849 Kresak (1942 AB)",1849,3.053576276760297,.01833381037422717,10.76122447442076,50.31594001763304,131.8843579541993,50.85659612401911,60200
"  1850 Kohoutek (1942 EN)",1850,2.250921954290644,.1259180689617794,4.049821812903893,68.88577151210424,190.4425376657916,345.8749727453313,60200
"  1851 Lacroute (1950 VA)",1851,3.105384277845828,.1901404019236633,1.664666554887244,24.65151142383519,342.5292058671488,122.915474298309,60200
"  1852 Carpenter (1955 GA)",1852,3.015477455825756,.06293810229238986,11.19653699446012,95.31958751074259,353.928276129824,134.7023274456751,60200
"  1853 McElroy (1957 XE)",1853,3.064920937236907,.04600191048209195,15.78225992850315,298.6289625608542,93.68310168237286,147.3047823630127,60200
"  1854 Skvortsov (1968 UE1)",1854,2.537379108332171,.1405392415494324,4.898572708377335,189.0381824398251,275.3608195765924,156.5629815601992,60200
"  1855 Korolev (1969 TU1)",1855,2.248687492805486,.08349548512103365,3.079595302155758,190.9890582866232,349.0803171430111,210.7077994138718,60200
"  1856 Ruzena (1969 TW1)",1856,2.237387949808183,.07960257401258274,4.741822677742618,185.8363326831491,56.45467787664647,179.4169186261579,60200
"  1857 Parchomenko (1971 QS1)",1857,2.243841165850626,.1342640527265946,4.400908042653235,235.9689204488056,173.8737993648278,124.53150901452,60200
"  1858 Lobachevskij (1972 QL)",1858,2.698083385404681,.07844418710648399,1.659024716378058,271.7920838827844,16.38688454807157,228.8257449805184,60200
"  1859 Kovalevskaya (1972 RS2)",1859,3.209967544882931,.09725995887019336,7.698707332474565,343.2565295072191,245.0741496883896,55.49653461947968,60200
"  1860 Barbarossa (1973 SK)",1860,2.566900307463804,.2023554306841243,9.916898087664027,132.7771375625532,162.2050106749757,118.0028481172121,60200
"  1861 Komensky (1970 WB)",1861,3.018119457644644,.06901336302458232,10.46690079875072,23.4842306444006,266.8429161754906,137.5107188323856,60200
"  1862 Apollo (1932 HA)",1862,1.470772066864765,.5598792709493757,6.352575269964484,35.55764368439061,286.0512477301328,31.77157420261008,60200
"  1863 Antinous (1948 EA)",1863,2.260273725691603,.6059010886291751,18.39398368405608,346.4173511167094,268.0991211955613,58.10282187094043,60200
"  1864 Daedalus (1971 FA)",1864,1.460872346580998,.6144031525728024,22.21618613029579,6.61275770879373,325.667484815782,171.0182147827178,60200
"  1865 Cerberus (1971 UA)",1865,1.079924141693797,.4669178478524017,16.10210707575543,212.8888340667087,325.2963088363686,337.099897405553,60200
"  1866 Sisyphus (1972 XA)",1866,1.893747695469256,.5381953174394503,41.2064891353081,63.45727456073401,293.1099295124091,198.0856830274862,60200
"  1867 Deiphobus (1971 EA)",1867,5.135166015105187,.0460119535036534,26.89801592638057,283.7003127080158,1.068320363453207,55.05689799694988,60200
"  1868 Thersites (2008 P-L)",1868,5.312464743498079,.1097290414494294,16.7536929756815,197.784430875725,171.2973578064422,77.30592292198747,60200
"  1869 Philoctetes (4596 P-L)",1869,5.181064493061476,.06633497231302232,3.974182433103159,43.83583327994419,326.377091545543,66.1086601180679,60200
"  1870 Glaukos (1971 FE)",1870,5.241950022207072,.03372948685273743,6.578558972617854,176.2992061893934,132.0833249610955,18.18376022215591,60200
"  1871 Astyanax (1971 FF)",1871,5.226084610888972,.03436347330563352,8.607808899608031,145.7678662466048,167.0649277223489,346.8473859589129,60200
"  1872 Helenos (1971 FG)",1872,5.322946936167117,.04962736120196864,14.64190605594844,188.7723745029016,116.0850578612838,28.0943149529896,60200
"  1873 Agenor (1971 FH)",1873,5.226391324102751,.09091307588616328,21.88470878134937,197.9089339686846,357.8413069822361,124.9440505876955,60200
"  1874 Kacivelia (A924 RC)",1874,3.163839721701667,.2813267774410713,4.822262668052253,158.9272611421784,196.633835336289,267.8425458097821,60200
"  1875 Neruda (1969 QQ)",1875,3.138171132282333,.1631946168708737,13.37723822010439,193.716383971465,139.9334934957733,273.6524293798515,60200
"  1876 Napolitania (1970 BA)",1876,1.964097443495604,.04828802553354436,23.1101320810964,304.4593275624945,243.2258721278266,113.3842894095007,60200
"  1877 Marsden (1971 FC)",1877,3.946106858432821,.2048297344996083,17.53608851230927,352.6044251311031,305.8929123354972,162.4411518897203,60200
"  1878 Hughes (1933 QC)",1878,2.845662565186397,.01311004182800679,1.783213496447735,187.7638196334901,295.4427400812696,124.3689434526705,60200
"  1879 Broederstroom (1935 UN)",1879,2.245606610432773,.1487547982081694,1.726921301705213,249.8663491145185,174.1193665675026,9.905404827844873,60200
"  1880 McCrosky (1940 AN)",1880,2.674629324817579,.07616464895574575,4.851387481519978,116.8361854806519,187.4651267807004,231.0405901367215,60200
"  1881 Shao (1940 PC)",1881,3.169363500351349,.103388624484854,9.866321104846442,218.0196509802474,67.01444355298227,303.528510406171,60200
"  1882 Rauma (1941 UJ)",1882,3.007383806823833,.09198207300310253,9.486399269571088,201.212477035197,126.8224787199664,312.7880593840872,60200
"  1883 Rimito (1942 XA)",1883,2.415388735557123,.2613402850192375,25.45743012593483,74.73114298715049,330.3806813239503,204.6264031688994,60200
"  1884 Skip (1943 EB1)",1884,2.424645342847128,.2619317488705194,21.84977366288004,353.4274189646752,111.4880086724173,159.6607562217769,60200
"  1885 Herero (1948 PJ)",1885,2.249306483266409,.2485848824502435,5.665223203274688,326.3179369041227,5.626033196015077,83.54385232074064,60200
"  1886 Lowell (1949 MP)",1886,2.626089978919248,.1580840532056921,14.88767519192715,82.16865763993667,217.4372286154031,133.5835625031766,60200
"  1887 Virton (1950 TD)",1887,3.005558071978713,.1166599635887612,9.619746718661156,348.5648960181054,32.28546539811089,352.790067957519,60200
"  1888 Zu Chong-Zhi (1964 VO1)",1888,2.546216941814772,.1691424218810917,5.852506933707319,244.7233419348264,233.8839697194378,123.3064224926294,60200
"  1889 Pakhmutova (1968 BE)",1889,3.088164682467039,.1158878928893817,13.17933034231096,55.08898985311226,83.84132095087655,73.43134069909992,60200
"  1890 Konoshenkova (1968 CD)",1890,3.213227717659044,.1384214196588897,9.882267063511534,70.32015188088562,15.26921047609457,293.1678176920726,60200
"  1891 Gondola (1969 RA)",1891,2.708017940024118,.07028083770963212,11.49547639861551,321.7846316771128,10.99146127764747,65.71192123989096,60200
"  1892 Lucienne (1971 SD)",1892,2.462508605398783,.08878082670647702,13.94284519815202,315.6522894355363,92.61494889796784,121.1199031104341,60200
"  1893 Jakoba (1971 UD)",1893,2.708027258655064,.05362614620200609,10.03712172205641,64.48138555841938,241.7187822893002,313.6204493408621,60200
"  1894 Haffner (1971 UH)",1894,2.887803002341454,.07065129139072959,.9133238863159047,257.4973493461559,117.9986561504292,224.734662015444,60200
"  1895 Larink (1971 UZ)",1895,3.196746598886889,.1386879226219498,1.813632251336129,44.88778711108441,57.63624390625172,4.196646353905452,60200
"  1896 Beer (1971 UC1)",1896,2.367405904728456,.2211966776321787,2.224047456665895,182.1285789116397,180.1973039746215,105.8699823386874,60200
"  1897 Hind (1971 UE1)",1897,2.283657001744519,.1427641802044429,4.054095399301744,63.39437449850535,269.1860005824631,63.75559972591692,60200
"  1898 Cowell (1971 UF1)",1898,3.128154126122164,.1567853373196692,1.030561128777598,163.0165645566443,235.3747780882357,153.4869117188652,60200
"  1899 Crommelin (1971 UR1)",1899,2.264529311276388,.1060668604144166,7.281075738228108,52.03684871491978,129.2454063594499,305.6490665315571,60200
"  1900 Katyusha (1971 YB)",1900,2.209192117188098,.1349061207660453,6.546670784794944,281.8622888480311,142.8931460618633,293.9109539854668,60200
"  1901 Moravia (1972 AD)",1901,3.240142916551448,.07537745870712897,24.09383818724778,93.96369197073224,148.8803020143733,182.7879041873044,60200
"  1902 Shaposhnikov (1972 HU)",1902,3.966438787928802,.2208799472977164,12.48324433028926,59.03829218944708,266.5494020958526,102.0192766274657,60200
"  1903 Adzhimushkaj (1972 JL)",1903,3.001621369322592,.04857302349493188,10.98758732326954,135.0547722135471,356.5442539795288,46.61265640326371,60200
"  1904 Massevitch (1972 JM)",1904,2.743287877464035,.07365651976423286,12.82533920315261,106.3433949819267,262.5244210684432,334.6493323215923,60200
"  1905 Ambartsumian (1972 JZ)",1905,2.22371372314574,.162818242951713,2.617914307822176,201.3318412522957,61.7531599381488,158.4851277571473,60200
"  1906 Naef (1972 RC)",1906,2.373196400866359,.1345865500360178,6.472010854734942,354.736555699001,14.99475749937733,327.2777298402715,60200
"  1907 Rudneva (1972 RC2)",1907,2.546001060036697,.04426008945052055,3.223576153617377,152.0127788618419,58.44903256567164,355.4880200341154,60200
"  1908 Pobeda (1972 RL2)",1908,2.889991383840437,.03840379361103299,4.766452732539853,14.16447598740971,221.1190480330334,268.3157720599619,60200
"  1909 Alekhin (1972 RW2)",1909,2.421053433474661,.227402984604541,1.799356132451779,227.2916110905311,5.837056908342093,268.7901329925161,60200
"  1910 Mikhailov (1972 TZ1)",1910,3.045392772815801,.05278461785445554,10.36145003319026,200.7997714978288,326.4710716199963,81.59684592514888,60200
"  1911 Schubart (1973 UD)",1911,3.977257985189607,.17280660310565,1.644070085874954,284.815904412605,181.5563282704304,51.00345260931164,60200
"  1912 Anubis (6534 P-L)",1912,2.903515121712395,.09294669827817878,3.159042594425712,76.1717568683618,319.3195722113311,230.5674373547975,60200
"  1913 Sekanina (1928 SF)",1913,2.880197215048118,.07448595755589556,1.565878501115771,358.3166185748034,35.40166712753292,138.4063709085835,60200
"  1914 Hartbeespoortdam (1930 SB1)",1914,2.405867012672885,.1464002362291739,5.683100409217654,120.674469238618,159.0724669621715,24.55505936296557,60200
"  1915 Quetzalcoatl (1953 EA)",1915,2.543770556376794,.5702540914584241,20.40327040842025,162.9367143382111,347.7924947824529,187.243015775151,60200
"  1916 Boreas (1953 RA)",1916,2.272230171241805,.4496228104013123,12.88159800795429,340.6006904910455,335.8883758958175,164.9373361215102,60200
"  1917 Cuyo (1968 AA)",1917,2.149533058949508,.5056537046087146,23.9610819009876,188.2843149467565,194.5472549864148,269.8172846540058,60200
"  1918 Aiguillon (1968 UA)",1918,3.189928587075954,.1342545077622775,9.194904536549293,195.0621941813921,245.2548015049882,166.3123828575274,60200
"  1919 Clemence (1971 SA)",1919,1.935851717916802,.09461238995442271,19.33361365622162,356.943670972231,99.93767497914868,11.35328265313442,60200
"  1920 Sarmiento (1971 VO)",1920,1.929861564427343,.1056310839969482,22.80285812039768,64.0013926449128,316.8210440117762,128.3751364450289,60200
"  1921 Pala (1973 SE)",1921,3.308979228531489,.3844748585632997,19.08392738181456,351.8655034515069,20.40988944190507,165.7091638282448,60200
"  1922 Zulu (1949 HC)",1922,3.234264799164652,.4816329386043973,35.43151939057962,226.519152844507,31.3854959154612,234.7557260643987,60200
"  1923 Osiris (4011 P-L)",1923,2.435732324674202,.0627878070022711,4.960731939544734,352.9729986775001,107.8116933285259,118.061507274601,60200
"  1924 Horus (4023 P-L)",1924,2.339464917838442,.1320980577160574,2.730831234899794,350.1741282718637,153.1521307907712,88.65196209390258,60200
"  1925 Franklin-Adams (1934 RY)",1925,2.551900884664084,.1754630122270009,7.7364969931815,113.444910024107,242.4041450387805,301.306312718232,60200
"  1926 Demiddelaer (1935 JA)",1926,2.656265622731144,.1079603864281181,13.72081771530542,93.39078634567453,91.11053368092637,171.5259402708804,60200
"  1927 Suvanto (1936 FP)",1927,2.65026744770099,.1492771030273465,13.35758105391248,26.99894567262163,96.30333303263201,134.4374444668682,60200
"  1928 Summa (1938 SO)",1928,2.47733007953644,.2022935719468858,4.575486505869302,180.3515605089017,157.8058463110307,294.2321008103675,60200
"  1929 Kollaa (1939 BS)",1929,2.362682495422527,.0756684054785863,7.774154024086459,65.34673317574585,72.32927446696331,102.4912619077349,60200
"  1930 Lucifer (1964 UA)",1930,2.899116451460154,.142016949373217,14.05334977987185,318.4914641020822,342.1753751789774,53.29724278273196,60200
"  1931 Capek (1969 QB)",1931,2.539891369236221,.2723814260012224,8.26667430756982,182.4110415609089,164.4797073418211,113.4432168356142,60200
"  1932 Jansky (1971 UB1)",1932,2.372068395661693,.1568303684256149,1.896033869620335,188.8832640823906,304.0924658937154,353.3895640332832,60200
"  1933 Tinchen (1972 AC)",1933,2.353473385662703,.1228351093944158,6.885471439067847,164.8794948626141,214.2806724275482,196.0517534788678,60200
"  1934 Jeffers (1972 XB)",1934,2.390119742777644,.2992452813862174,23.15043908954394,86.46951384926952,294.8580657606192,295.1535951535178,60200
"  1935 Lucerna (1973 RB)",1935,2.626788921398144,.2273924663074057,9.547651076799445,200.0117156992664,199.4704559464052,235.5115495635241,60200
"  1936 Lugano (1973 WD)",1936,2.675267635147623,.1386213760866549,10.2532444850224,265.1160704426919,255.0945904119563,66.89010895657374,60200
"  1937 Locarno (1973 YA)",1937,2.378002180696905,.1554304399830343,12.4535272396323,78.93501808595065,226.2977182648743,327.7091345735888,60200
"  1938 Lausanna (1974 HC)",1938,2.235566809397513,.1605730927002413,3.336554567421429,171.6586290935844,64.99339866810077,257.2591626997358,60200
"  1939 Loretta (1974 UC)",1939,3.122760818820114,.1240107888717627,.9050342722378449,40.46871784106376,189.4091193556109,57.66049916167827,60200
"  1940 Whipple (1975 CA)",1940,3.060743636267846,.06093473718546353,6.539095511736498,263.5764688768349,185.3708543740568,57.67329641944825,60200
"  1941 Wild (1931 TN1)",1941,3.957320297583474,.2896032455447656,3.957664695368864,60.40125061906453,303.0676791094357,203.5493708002976,60200
"  1942 Jablunka (1972 SA)",1942,2.318592144189257,.1843567540191829,24.34583216865424,346.341705004123,11.86116912153031,161.5306832623594,60200
"  1943 Anteros (1973 EC)",1943,1.430639660908857,.2559661599335552,8.706886238489984,246.2976015004367,338.4106633484383,159.5254599574189,60200
"  1944 Gunter (1925 RA)",1944,2.239393896349347,.2370696396696672,5.490548645148094,212.4025389658182,124.8225275514063,92.93361352704257,60200
"  1945 Wesselink (1930 OL)",1945,2.554425069408929,.1803481311318077,4.227296326592608,142.5776096251541,194.5806321237327,267.750443298371,60200
"  1946 Walraven (1931 PH)",1946,2.293516554442929,.2350156306635482,8.16120227592549,17.23440675896052,340.0741131908608,146.5264067680898,60200
"  1947 Iso-Heikkila (1935 EA)",1947,3.14960516774478,.04347641327856575,11.89037384169811,90.62119821194213,143.9754783284256,226.1288733153394,60200
"  1948 Kampala (1935 GL)",1948,2.532654318831738,.1710990527306088,5.832285315564568,23.16065610311068,179.4007468049416,337.7155726620406,60200
"  1949 Messina (1936 NE)",1949,2.383929174430228,.2290359202957667,4.651845633746863,264.94941085,66.44627460044303,213.9397685477597,60200
"  1950 Wempe (1942 EO)",1950,2.178124141585432,.08483813143293772,4.220481179193277,69.89780601764021,53.49962263974774,176.6070554281464,60200
"  1951 Lick (1949 OA)",1951,1.390512669201167,.06149895610940643,39.08998285593504,130.7339532337425,140.5566412197607,103.7820765435885,60200
"  1952 Hesburgh (1951 JC)",1952,3.107590313127676,.1445631402169034,14.26805849667941,78.11325206867077,339.591875955326,211.0984127097787,60200
"  1953 Rupertwildt (1951 UK)",1953,3.110253031398593,.1820835508358481,2.459121526910761,74.20268277345373,325.7522856281817,23.76426421918032,60200
"  1954 Kukarkin (1952 PH)",1954,2.9352911548702,.3145882164296124,14.79918028762916,277.9599391225235,70.51931734981621,35.20890658426826,60200
"  1955 McMath (1963 SR)",1955,2.855551984795133,.06110083907699815,1.003058652302679,257.8874455154871,156.3161690398465,119.5555007220687,60200
"  1956 Artek (1969 TX1)",1956,3.199492957217537,.1092792899192309,1.497304019701965,153.1205083706382,347.3343940835386,29.65867580293201,60200
"  1957 Angara (1970 GF)",1957,3.00703750172775,.05619174385969875,11.18970553394979,50.67853482487123,209.9967130842135,39.98400504778148,60200
"  1958 Chandra (1970 SB)",1958,3.107242916923258,.1644867027409392,10.54463565376219,344.888695856097,318.8397179640463,270.0792529340164,60200
"  1959 Karbyshev (1972 NB)",1959,2.315400279614784,.1338404176456317,6.199373945191684,284.9638729533684,31.8600517914517,177.4290278030821,60200
"  1960 Guisan (1973 UA)",1960,2.526403097668683,.1224602603556433,8.476152340668865,22.14550615560177,263.5402232957831,254.7266062244609,60200
"  1961 Dufour (1973 WA)",1961,3.190657909935799,.1256665971740581,6.649657910854986,29.55957766152471,56.39291786210769,207.7714758926108,60200
"  1962 Dunant (1973 WE)",1962,3.177159444807978,.2407431476287437,1.552663548392291,15.22444677916007,11.34815387865152,282.3109462261011,60200
"  1963 Bezovec (1975 CB)",1963,2.422596059211239,.2094515463396885,25.03632610780341,106.804034899298,355.4578268389999,1.224786424242492,60200
"  1964 Luyten (2007 P-L)",1964,2.464991596178375,.1959015247586302,2.390971018776009,238.3591609855757,163.5437877367195,69.25145857212557,60200
"  1965 van de Kamp (2521 P-L)",1965,2.568469415756196,.104547322245952,2.218990619328554,88.13529200749568,342.8310226331793,54.29904526680129,60200
"  1966 Tristan (2552 P-L)",1966,2.447267497980516,.09117190047195356,2.483410451685494,125.6317775687218,60.45156742994656,339.7846711257155,60200
"  1967 Menzel (A905 VC)",1967,2.233251410529743,.1387397752316752,3.900698202502984,57.75573271231929,347.645441350222,113.6794921016734,60200
"  1968 Mehltretter (1932 BK)",1968,2.740061616616058,.1114521808750418,4.592822355576057,71.46971988943889,163.9085914129505,353.4950872014441,60200
"  1969 Alain (1935 CG)",1969,3.089283587400042,.1572041576101885,3.338348091789531,209.1616513617882,346.5347379175772,61.62142112413423,60200
"  1970 Sumeria (1954 ER)",1970,2.778238626280201,.1613358764693773,7.072055432000835,312.2889450072295,194.5518267516951,16.86291439626031,60200
"  1971 Hagihara (1955 RD1)",1971,2.995494646916589,.08454179071223626,8.686103015366415,299.9171849171057,118.1912839799186,355.561339177826,60200
"  1972 Yi Xing (1964 VQ1)",1972,2.418873922821573,.166766358466038,4.119347655976116,46.45344248398172,33.51899639616903,216.0476398153743,60200
"  1973 Colocolo (1968 OA)",1973,3.185764856073862,.07704787970870687,10.57473774660845,183.0363899581667,164.8543335572654,229.5843611555345,60200
"  1974 Caupolican (1968 OE)",1974,3.166596587226854,.09642578771577497,10.21606938183004,168.2324456639356,90.07458774003526,328.0710318563666,60200
"  1975 Pikelner (1969 PH)",1975,2.802135951817017,.1167613210375682,6.313774958762407,170.1665991533112,184.6891431006437,169.2018845664538,60200
"  1976 Kaverin (1970 GC)",1976,2.382861735570441,.07352364067113124,2.371841425217524,90.8750558431497,120.0663554248521,190.7901722488226,60200
"  1977 Shura (1970 QY)",1977,2.779899546619329,.07418073724227806,7.769322814087937,332.2095131791932,308.7182686037134,230.3872032064659,60200
"  1978 Patrice (1971 LD)",1978,2.194289719801435,.2136070877041819,4.342685970055996,54.2554181961691,268.8767915334959,338.6767339812151,60200
"  1979 Sakharov (2006 P-L)",1979,2.373479433449128,.1002442233463537,6.051459256241869,202.6121288153837,220.4550201596207,31.00588116253189,60200
"  1980 Tezcatlipoca (1950 LA)",1980,1.709651834897701,.3646943585333383,26.86948836891409,246.5464549072206,115.4929204055932,218.7129612270421,60200
"  1981 Midas (1973 EA)",1981,1.7766938061403,.6501065681242958,39.82371420927438,356.8451144071217,267.8224064502453,92.26038625809801,60200
"  1982 Cline (1975 VA)",1982,2.310804924880697,.2489604029474927,6.841189070824707,42.32421035973245,279.5543943827063,276.4533428782845,60200
"  1983 Bok (1975 LB)",1983,2.621537640540157,.09997673367098847,9.413798110733159,23.52593242669219,346.0013565993773,51.92655014865684,60200
"  1984 Fedynskij (1926 TN)",1984,3.01299382260465,.0867328244200309,4.789402779449379,185.55991870,127.1177885866298,254.575195445284,60200
"  1985 Hopmann (1929 AE)",1985,3.120542186683119,.1566600933633245,17.18027469240387,305.0533366488453,233.367370863841,8.635624610754958,60200
"  1986 Plaut (1935 SV1)",1986,3.090027297666065,.2043799753747247,2.213825950806255,146.5526389393697,229.4525046720134,53.78524653310038,60200
"  1987 Kaplan (1952 RH)",1987,2.381418874676783,.2275894386496708,23.64663066882035,314.1751966978767,38.25272791055966,108.7450664162139,60200
"  1988 Delores (1952 SV)",1988,2.153792540829607,.102441535151334,4.251889073424864,106.3373387787102,235.0158053866514,192.9757820349713,60200
"  1989 Tatry (1955 FG)",1989,2.351408796525689,.07528038375453194,7.769508307459711,25.22264880269071,89.11829366510966,47.17948912904519,60200
"  1990 Pilcher (1956 EE)",1990,2.174069746137445,.05192123859667759,3.134961667691147,193.5669205148267,12.66758573530541,347.1190297367205,60200
"  1991 Darwin (1967 JL)",1991,2.24844126013169,.2074766278356231,5.914072214421284,328.4125155480787,345.5788718061781,201.5617670773799,60200
"  1992 Galvarino (1968 OD)",1992,2.993072843758302,.04748379388502127,10.57194324169197,182.4131832294283,94.55529254924066,260.1782136350018,60200
"  1993 Guacolda (1968 OH1)",1993,3.060059603773714,.06871502647304034,11.46417202877594,157.9144965502401,155.4290360757948,103.1549287063362,60200
"  1994 Shane (1961 TE)",1994,2.679770242042836,.207687063995927,10.22545847316333,244.6597624359531,89.74899468771838,72.90654178718076,60200
"  1995 Hajek (1971 UP1)",1995,2.529759151339435,.05349523119435004,10.8244517800249,47.2060286701591,133.2899444720846,186.7058727093719,60200
"  1996 Adams (1961 UA)",1996,2.558094392863,.139411567030142,15.12941378423214,1.054333458445901,354.8465393488702,69.96769447844088,60200
"  1997 Leverrier (1963 RC)",1997,2.20885747435621,.2065468055503699,6.063584999530474,353.1396814268801,.7347671294025953,93.61693220065868,60200
"  1998 Titius (1938 DX1)",1998,2.419266976224317,.06436055688006186,7.616923626609492,351.6992178727754,248.1530448137575,189.8589488933351,60200
"  1999 Hirayama (1973 DR)",1999,3.114217584510546,.1181662995601652,12.53423529377414,147.8559715897621,356.0261586986483,75.13327212540096,60200
"  2000 Herschel (1960 OA)",2000,2.379703283261137,.2984376500318306,22.81755954213622,291.8958487114951,130.3614193560608,3.524336248032005,60200
"  2001 Einstein (1973 EB)",2001,1.933458131007794,.098740220280247,22.67631905651468,357.0393687574619,218.0938804052995,236.7335572446831,60200
"  2002 Euler (1973 QQ1)",2002,2.416937596442231,.06962761341666115,8.502517732228524,178.6061962483401,54.70117126961404,215.6722672093292,60200
"  2003 Harding (6559 P-L)",2003,3.058765376287406,.1273464244392355,1.868791488767698,64.46472293370998,69.70634951199845,144.3280540406345,60200
"  2004 Lexell (1973 SV2)",2004,2.172364534887262,.07894667025034727,2.496642068125702,4.498766967284039,58.60595734487348,173.1475849773387,60200
"  2005 Hencke (1973 RA)",2005,2.621047835347634,.1663604198810524,12.23998589736885,290.924823048085,111.9600220343415,240.7286503100818,60200
"  2006 Polonskaya (1973 SB3)",2006,2.324642887262562,.1930487182677223,4.909769864162128,.8656740542399304,24.7277307529151,25.62272786370408,60200
"  2007 McCuskey (1963 SQ)",2007,2.383240345386475,.1159426209379027,3.040948050264457,16.99781167673397,186.318735546397,275.1860880510736,60200
"  2008 Konstitutsiya (1973 SV4)",2008,3.215405049265764,.09603184407161537,20.65968112182163,15.58843986179755,201.5558720939527,51.78193452984017,60200
"  2009 Voloshina (1968 UL)",2009,3.126411080803041,.1373703419514925,2.85761249812994,107.3796217789735,5.124519787024427,296.521870267132,60200
"  2010 Chebyshev (1969 TL4)",2010,3.08691105708982,.1910738786081205,2.397343678145838,8.528898830189746,32.99745263956573,310.7673514286497,60200
"  2011 Veteraniya (1970 QB1)",2011,2.386428375124846,.1490762685451342,6.178482931686266,338.4964455164994,3.548299929945026,150.3090642173379,60200
"  2012 Guo Shou-Jing (1964 TE2)",2012,2.329070608965042,.178232770587886,2.905242063370256,277.0630814549195,36.59608667285777,257.0552409863601,60200
"  2013 Tucapel (1971 UH4)",2013,2.290430105212822,.2260049324278439,7.504250813185551,96.50235427017006,238.2286331277253,36.23757814333056,60200
"  2014 Vasilevskis (1973 JA)",2014,2.400401033853539,.2872901126761528,21.38322862219151,204.0549876006721,82.84138013019677,157.967987960368,60200
"  2015 Kachuevskaya (1972 RA3)",2015,2.335232626594876,.1048609914538787,11.89960982420997,344.4109492844566,274.9318153198045,178.353500136853,60200
"  2016 Heinemann (1938 SE)",2016,3.128721672364086,.1910443388906731,.9182637483809616,16.96881596748532,340.017262203501,105.3031458750148,60200
"  2017 Wesson (A903 SC)",2017,2.251710908523725,.185981707023438,4.86226696490073,171.2870341053614,136.2998629764914,211.6858585405576,60200
"  2018 Schuster (1931 UC)",2018,2.183457228405466,.191945231973829,2.560820465932863,186.0446751591295,157.8266873177536,201.124254900016,60200
"  2019 van Albada (1935 SX1)",2019,2.241103264246759,.1659226473718768,4.047772337903115,252.1046999608099,25.08237487302398,147.8616098941356,60200
"  2020 Ukko (1936 FR)",2020,3.028759241449046,.06424342734583627,11.11482815493695,148.7139482619029,327.9094292679104,289.8336123466979,60200
"  2021 Poincare (1936 MA)",2021,2.31009762577685,.2186362181564828,5.490482378003504,154.9781237950403,164.3360822073592,275.941695470098,60200
"  2022 West (1938 CK)",2022,2.70723082667939,.1164724414090554,5.654859902834691,2.28196817461233,38.28921538105974,187.4977182868847,60200
"  2023 Asaph (1952 SA)",2023,2.879571649811474,.2787222220924025,22.34200001225273,3.050707747483924,357.4733079986075,183.0518634428589,60200
"  2024 McLaughlin (1952 UR)",2024,2.325916284670339,.1386290921388676,7.311992148440891,69.19568421085479,291.704281577969,17.82904710848322,60200
